{"timestamp": 1688859112.929239, "payload": [-8, -24, -1, -13, -2, 2, -13, 8, -7, -24, 8, 5, -36, 5, 9], "label": 2}
{"timestamp": 1688859112.92924, "payload": [-12, -12, -4, -21, 10, 15, -31, 1, 5, -32, 9, 4, -28, 21, 7], "label": 2}
{"timestamp": 1688859112.9292412, "payload": [-9, -9, -1, -26, 14, 15, -33, 3, 11, -33, 3, 6, -34, 31, -3], "label": 2}
{"timestamp": 1688859112.944897, "payload": [-15, -27, -11, -34, 10, 17, -31, 6, 13, -26, 7, 11, -28, 6, 15], "label": 2}
{"timestamp": 1688859112.944897, "payload": [0, -39, -9, -31, 1, 26, -45, 4, 15, -42, 7, 21, -63, 6, 33], "label": 2}
{"timestamp": 1688859112.9448981, "payload": [3, -35, -7, -28, -18, 51, -56, 2, 28, -61, -4, 29, -47, 34, 18], "label": 2}
{"timestamp": 1688859112.95955, "payload": [-3, -33, -11, -39, 3, 40, -40, 0, 29, -45, 8, 28, -3, 30, -2], "label": 2}
{"timestamp": 1688859112.95955, "payload": [-7, -39, -15, -25, -14, 68, -34, -4, 29, -25, 12, 25, -21, 6, 17], "label": 2}
{"timestamp": 1688859112.9595509, "payload": [-2, -47, -17, -77, 4, 38, -59, -7, 35, -47, 0, 35, -49, 11, 29], "label": 2}
{"timestamp": 1688859112.974575, "payload": [0, -54, -19, -49, 9, 46, -59, 2, 36, -49, -3, 35, -34, 10, 15], "label": 2}
{"timestamp": 1688859112.974575, "payload": [3, -60, -16, -6, 2, 43, -28, -13, 32, -23, 2, 27, -22, 9, 20], "label": 2}
{"timestamp": 1688859112.9745762, "payload": [0, -62, -15, -12, 5, 30, -32, -6, 31, -23, 0, 27, -30, 12, 20], "label": 2}
{"timestamp": 1688859112.989192, "payload": [-5, -61, -11, 0, -2, 29, -14, -3, 24, -18, 2, 22, -20, 7, 16], "label": 2}
{"timestamp": 1688859112.989194, "payload": [-9, -53, -7, -6, -3, 34, -13, -5, 19, -13, 1, 20, -20, 2, 18], "label": 2}
{"timestamp": 1688859112.989195, "payload": [-13, -45, -5, -12, -2, 27, -20, -6, 15, -18, -2, 17, -22, 0, 15], "label": 2}
{"timestamp": 1688859113.003078, "payload": [-14, -37, -3, -3, -6, 27, -14, -7, 14, -18, -1, 15, -20, 3, 12], "label": 2}
{"timestamp": 1688859113.003079, "payload": [-13, -32, -3, -7, -2, 26, -15, -5, 14, -18, -1, 14, -21, 4, 10], "label": 2}
{"timestamp": 1688859113.00308, "payload": [-13, -32, -2, -12, -3, 28, -20, -4, 16, -20, -1, 15, -21, 6, 10], "label": 2}
{"timestamp": 1688859113.017539, "payload": [-12, -32, -4, -15, -2, 28, -22, -3, 17, -23, 0, 15, -23, 8, 10], "label": 2}
{"timestamp": 1688859113.01754, "payload": [-9, -32, -7, -13, 1, 28, -22, -1, 17, -23, 2, 16, -23, 10, 11], "label": 2}
{"timestamp": 1688859113.01754, "payload": [-7, -35, -7, -12, 3, 28, -22, 0, 17, -28, 3, 15, -24, -4, 19], "label": 2}
{"timestamp": 1688859113.032801, "payload": [-6, -36, -8, -17, 4, 28, -25, 3, 19, -28, 8, 20, -26, 9, 17], "label": 2}
{"timestamp": 1688859113.032802, "payload": [-7, -35, -8, -19, 3, 29, -27, 2, 20, -29, 6, 21, -28, 11, 17], "label": 2}
{"timestamp": 1688859113.032802, "payload": [-7, -32, -8, -18, 5, 29, -28, 1, 22, -29, 5, 22, -26, 9, 18], "label": 2}
{"timestamp": 1688859113.048873, "payload": [-8, -31, -7, -18, 4, 31, -28, 0, 23, -29, 5, 23, -28, 10, 17], "label": 2}
{"timestamp": 1688859113.048874, "payload": [-8, -31, -8, -17, 5, 30, -28, 0, 23, -29, 3, 22, -26, 9, 17], "label": 2}
{"timestamp": 1688859113.048874, "payload": [-8, -31, -8, -17, 4, 30, -27, 0, 22, -26, 2, 21, -26, 9, 16], "label": 2}
{"timestamp": 1688859113.062079, "payload": [-8, -31, -9, -15, 3, 30, -25, -1, 21, -25, 2, 20, -24, 9, 15], "label": 2}
{"timestamp": 1688859113.062079, "payload": [-7, -31, -9, -16, 2, 29, -26, -1, 21, -26, 2, 20, -28, 10, 16], "label": 2}
{"timestamp": 1688859113.06208, "payload": [-6, -31, -10, -15, 2, 29, -26, -1, 20, -27, 2, 21, -27, 10, 16], "label": 2}
{"timestamp": 1688859113.0773602, "payload": [-6, -30, -10, -14, 2, 29, -24, -1, 20, -27, 2, 20, -25, 10, 16], "label": 2}
{"timestamp": 1688859113.0773602, "payload": [-6, -29, -10, -15, 2, 29, -25, -1, 20, -26, 2, 20, -26, 10, 15], "label": 2}
{"timestamp": 1688859113.0773609, "payload": [-5, -29, -10, -15, 1, 29, -24, -1, 19, -26, 3, 19, -23, 9, 15], "label": 2}
{"timestamp": 1688859113.092546, "payload": [-5, -29, -10, -13, 0, 27, -22, -2, 17, -23, 2, 18, -25, 10, 15], "label": 2}
{"timestamp": 1688859113.092546, "payload": [-4, -30, -11, -12, -2, 26, -21, -3, 16, -23, 2, 17, -24, 10, 15], "label": 2}
{"timestamp": 1688859113.0925472, "payload": [-3, -31, -11, -9, -2, 26, -18, -2, 15, -21, 2, 17, -22, 10, 14], "label": 2}
{"timestamp": 1688859113.107279, "payload": [-3, -32, -11, -10, -1, 24, -19, -2, 16, -21, 2, 18, -23, 10, 15], "label": 2}
{"timestamp": 1688859113.1072798, "payload": [-3, -31, -10, -9, 2, 23, -19, 0, 17, -22, 2, 19, -25, 10, 15], "label": 2}
{"timestamp": 1688859113.107282, "payload": [-5, -29, -9, -11, 3, 24, -22, -1, 19, -24, 1, 20, -27, 10, 15], "label": 2}
{"timestamp": 1688859113.131559, "payload": [-8, -27, -8, -12, 4, 24, -24, -1, 20, -25, 1, 19, -26, 9, 15], "label": 2}
{"timestamp": 1688859113.1315598, "payload": [-8, -27, -7, -14, 4, 25, -25, -2, 19, -24, 1, 19, -25, 9, 14], "label": 2}
{"timestamp": 1688859113.131562, "payload": [-8, -26, -6, -16, 4, 23, -24, 0, 18, -24, 2, 18, -22, 7, 17], "label": 2}
{"timestamp": 1688859113.137275, "payload": [-8, -24, -7, -21, 8, 19, -26, 1, 13, -30, -1, 15, -31, 7, 15], "label": 2}
{"timestamp": 1688859113.137276, "payload": [-7, -22, -9, -19, 2, 20, -28, 2, 9, -29, -1, 13, -28, 12, 10], "label": 2}
{"timestamp": 1688859113.137277, "payload": [-5, -23, -10, -8, 2, 19, -22, 1, 13, -25, 6, 18, -26, 8, 15], "label": 2}
{"timestamp": 1688859113.1526752, "payload": [-4, -25, -10, -14, 4, 18, -21, 1, 15, -27, 2, 18, -24, 11, 14], "label": 2}
{"timestamp": 1688859113.15268, "payload": [-4, -29, -11, -14, 6, 20, -22, -2, 14, -25, -1, 16, -33, 15, 14], "label": 2}
{"timestamp": 1688859113.15268, "payload": [-6, -27, -10, -13, 1, 20, -17, -3, 14, -21, 2, 16, -25, 11, 15], "label": 2}
{"timestamp": 1688859113.167658, "payload": [-9, -19, -8, -9, -3, 15, -12, -3, 10, -18, 0, 14, -23, 7, 13], "label": 2}
{"timestamp": 1688859113.16766, "payload": [-11, -5, -7, -3, -3, 6, -9, -2, 4, -14, -2, 11, -21, 7, 12], "label": 2}
{"timestamp": 1688859113.16766, "payload": [-12, 0, -7, 8, 0, -1, -2, -1, 0, -8, -3, 8, -19, 6, 12], "label": 2}
{"timestamp": 1688859113.182498, "payload": [-10, 0, -9, 9, 2, 0, 4, -3, 1, -8, 4, 7, -20, 0, 12], "label": 2}
{"timestamp": 1688859113.182498, "payload": [-11, 7, -12, 4, 0, 4, 0, -3, 6, -9, -3, 11, -18, 3, 11], "label": 2}
{"timestamp": 1688859113.1825001, "payload": [-11, 23, -15, 8, -2, 45, -4, -12, 22, -4, -10, 27, -21, -11, 29], "label": 2}
{"timestamp": 1688859113.197556, "payload": [5, 4, -26, -123, 3, 71, -141, -16, 37, -102, -9, 39, -67, 35, 14], "label": 2}
{"timestamp": 1688859113.197557, "payload": [22, -55, -46, -49, -12, 48, -60, -13, 28, -37, 5, 25, -18, 10, 19], "label": 2}
{"timestamp": 1688859113.197558, "payload": [33, -93, -36, 13, -1, 24, 3, -9, 24, -3, -10, 30, -28, 3, 27], "label": 2}
{"timestamp": 1688859113.212511, "payload": [-27, -57, 11, 17, -2, 8, 2, -16, 2, -6, -13, 10, -18, -9, 9], "label": 2}
{"timestamp": 1688859113.212512, "payload": [-47, -26, 4, -13, -11, 9, -16, -10, 0, -14, -6, 7, -13, -6, 10], "label": 2}
{"timestamp": 1688859113.212513, "payload": [-29, -13, -12, 3, 1, 1, -2, -1, 0, -10, 0, 6, -15, 4, 10], "label": 2}
{"timestamp": 1688859113.227464, "payload": [6, -5, -20, -17, 0, 18, -20, -1, 13, -22, -3, 18, -27, 7, 17], "label": 2}
{"timestamp": 1688859113.2274659, "payload": [11, -11, -17, -10, -8, 9, -20, -9, 7, -28, -5, 15, -29, 9, 16], "label": 2}
{"timestamp": 1688859113.227467, "payload": [-11, 2, -18, -3, -7, 3, -5, -11, 3, -11, -11, 13, -24, -2, 15], "label": 2}
{"timestamp": 1688859113.242103, "payload": [-11, 16, -25, -7, -10, 4, -9, -13, 1, -12, -13, 11, -19, -7, 13], "label": 2}
{"timestamp": 1688859113.242105, "payload": [-5, 18, -25, -1, -9, -2, -8, -14, 0, -13, -10, 11, -20, -1, 14], "label": 2}
{"timestamp": 1688859113.242112, "payload": [-5, 22, -26, 10, -7, -12, 5, -11, -3, -7, -10, 9, -20, 0, 16], "label": 2}
{"timestamp": 1688859113.260253,