{"timestamp": 1688696977.477788, "payload": [-928, 444, 1170, 1797, -6606, 3390], "label": 0}
{"timestamp": 1688696977.508044, "payload": [-2467, 580, -12, 1621, -8247, 4468], "label": 0}
{"timestamp": 1688696977.552345, "payload": [-1620, 869, -1466, 1265, -6744, 2379], "label": 0}
{"timestamp": 1688696977.567117, "payload": [-1749, 1025, -1138, 884, -6384, 2551], "label": 0}
{"timestamp": 1688696977.582195, "payload": [-1395, 347, -654, 869, -6089, 2370], "label": 0}
{"timestamp": 1688696977.5972202, "payload": [-1304, -32, -189, 1227, -6301, 2338], "label": 0}
{"timestamp": 1688696977.5972211, "payload": [-1200, -79, 355, 1512, -6883, 2429], "label": 0}
{"timestamp": 1688696977.62739, "payload": [-1046, 168, 588, 1550, -7584, 3242], "label": 0}
{"timestamp": 1688696977.688307, "payload": [724, -400, 453, 1685, -7234, 2257], "label": 0}
{"timestamp": 1688696977.718399, "payload": [301, 467, 535, 1601, -7274, 2248], "label": 0}
{"timestamp": 1688696977.7333078, "payload": [41, 861, 316, 1314, -7728, 2830], "label": 0}
{"timestamp": 1688696977.748197, "payload": [165, 886, 176, 1075, -7655, 3252], "label": 0}
{"timestamp": 1688696977.762589, "payload": [167, 748, 118, 988, -7674, 3476], "label": 0}
{"timestamp": 1688696977.7774122, "payload": [257, 116, -434, 1075, -7636, 3578], "label": 0}
{"timestamp": 1688696977.808435, "payload": [-146, 119, -414, 1312, -6816, 2800], "label": 0}
{"timestamp": 1688696977.837118, "payload": [-404, 339, -125, 1269, -7182, 2864], "label": 0}
{"timestamp": 1688696977.852266, "payload": [-443, 401, -15, 1307, -7780, 3010], "label": 0}
{"timestamp": 1688696977.8825521, "payload": [243, 357, -279, 1316, -7731, 3075], "label": 0}
{"timestamp": 1688696977.8973958, "payload": [-366, 518, -527, 1575, -7224, 2882], "label": 0}
{"timestamp": 1688696977.927237, "payload": [-569, 816, -559, 1274, -7263, 3220], "label": 0}
{"timestamp": 1688696977.9572911, "payload": [-496, 730, -48, 1326, -6962, 3010], "label": 0}
{"timestamp": 1688696977.9722922, "payload": [-274, 528, 597, 1507, -7055, 2962], "label": 0}
{"timestamp": 1688696978.002301, "payload": [-109, 548, 599, 1429, -7599, 3116], "label": 0}
{"timestamp": 1688696978.0176299, "payload": [-16, 300, 398, 1163, -7445, 3152], "label": 0}
{"timestamp": 1688696978.047296, "payload": [-59, 51, 340, 1097, -7640, 3109], "label": 0}
{"timestamp": 1688696978.077204, "payload": [-69, -76, 217, 1102, -7081, 2869], "label": 0}
{"timestamp": 1688696978.107764, "payload": [-233, -42, 265, 1251, -7064, 2769], "label": 0}
{"timestamp": 1688696978.107766, "payload": [-397, 252, 396, 1286, -7258, 2789], "label": 0}
{"timestamp": 1688696978.1230469, "payload": [-435, 440, 298, 1162, -7496, 2987], "label": 0}
{"timestamp": 1688696978.1373062, "payload": [-239, 290, 162, 1055, -7747, 3202], "label": 0}
{"timestamp": 1688696978.212255, "payload": [-86, -14, -72, 1182, -7272, 3000], "label": 0}
{"timestamp": 1688696978.2274392, "payload": [-90, 58, 79, 1250, -7379, 2977], "label": 0}
{"timestamp": 1688696978.242642, "payload": [-23, 41, 131, 1208, -7385, 3052], "label": 0}
{"timestamp": 1688696978.271668, "payload": [-32, 9, 134, 1276, -7342, 2994], "label": 0}
{"timestamp": 1688696978.2724679, "payload": [-107, 88, 175, 1265, -7438, 2969], "label": 0}
{"timestamp": 1688696978.27247, "payload": [-90, 119, 161, 1162, -7429, 3050], "label": 0}
{"timestamp": 1688696978.332109, "payload": [-243, 3, 146, 1135, -7331, 3007], "label": 0}
{"timestamp": 1688696978.3470342, "payload": [-138, -50, 160, 1183, -7558, 2991], "label": 0}
{"timestamp": 1688696978.3772411, "payload": [-32, 36, 139, 1195, -7464, 2890], "label": 0}
{"timestamp": 1688696978.3927228, "payload": [-68, 109, 43, 1130, -7490, 3066], "label": 0}
{"timestamp": 1688696978.4228532, "payload": [-33, -71, -100, 1031, -7502, 3267], "label": 0}
{"timestamp": 1688696978.452661, "payload": [-31, -124, -62, 1214, -7208, 2869], "label": 0}
{"timestamp": 1688696978.467274, "payload": [-157, 60, 137, 1235, -7313, 2930], "label": 0}
{"timestamp": 1688696978.497198, "payload": [-108, 83, 143, 1205, -7461, 3043], "label": 0}
{"timestamp": 1688696978.512201, "payload": [-159, 111, 83, 1183, -7390, 3043], "label": 0}
{"timestamp": 1688696978.542377, "payload": [-232, 101, 98, 1163, -7322, 3031], "label": 0}
{"timestamp": 1688696978.572316, "payload": [-286, 95, 127, 1159, -7495, 3056], "label": 0}
{"timestamp": 1688696978.587287, "payload": [-670, -7, 172, 1242, -7360, 2792], "label": 0}
{"timestamp": 1688696978.617285, "payload": [598, 380, 268, 1211, -7622, 3492], "label": 0}
{"timestamp": 1688696978.647229, "payload": [517, 384, 56, 1549, -7957, 3551], "label": 0}
{"timestamp": 1688696978.6622772, "payload": [-890, 616, -36, 680, -6580, 1587], "label": 0}
{"timestamp": 1688696978.7084951, "payload": [-2872, 2574, 1366, 622, -7122, 2458], "label": 0}
{"timestamp": 1688696978.723279, "payload": [-2673, 2845, 1523, 1906, -7697, 4275], "label": 0}
{"timestamp": 1688696978.737359, "payload": [-3698, 2942, 1380, 1225, -7953, 2638], "label": 0}
{"timestamp": 1688696978.752531, "payload": [-2492, 3002, 1122, -265, -7478, 917], "label": 0}
{"timestamp": 1688696978.781534, "payload": [-3074, 2702, 986, 880, -7504, 3325], "label": 0}
{"timestamp": 1688696978.782549, "payload": [-2508, 2317, 1334, 209, -7528, 1832], "label": 0}
{"timestamp": 1688696978.842392, "payload": [-350, 240, 214, 328, -8579, 2464], "label": 0}
{"timestamp": 1688696978.87238, "payload": [-68, 61, -269, 584, -7643, 2001], "label": 0}
{"timestamp": 1688696978.887229, "payload": [-588, 485, -175, 537, -7611, 2005], "label": 0}
{"timestamp": 1688696978.902326, "payload": [-807, 625, -193, 424, -7603, 2072], "label": 0}
{"timestamp": 1688696978.9173021, "payload": [-967, 642, -156, 432, -7596, 2043], "label": 0}
{"timestamp": 1688696978.9473228, "payload": [-1446, 961, -2, 539, -7869, 1931], "label": 0}
{"timestamp": 1688696978.962336, "payload": [-1423, 1238, 5, 588, -7486, 1714], "label": 0}
{"timestamp": 1688696978.9797802, "payload": [-1979, 2004, 157, 761, -7703, 1328], "label": 0}
{"timestamp": 1688696979.0234392, "payload": [-2453, 3443, 283, 432, -8121, 1494], "label": 0}
{"timestamp": 1688696979.038033, "payload": [-1830, 2829, 59, -72, -8121, 2177], "label": 0}
{"timestamp": 1688696979.068286, "payload": [-1739, 1751, 721, 322, -7348, 1370], "label": 0}
{"timestamp": 1688696979.084557, "payload": [-2384, 2214, 1029, 549, -8536, 975], "label": 0}
{"timestamp": 1688696979.113188, "payload": [-3115, 2109, 1428, 190, -7482, 785], "label": 0}
{"timestamp": 1688696979.156596, "payload": [-2733, 2046, 1318, -48, -8493, 1286], "label": 0}
{"timestamp": 1688696979.1573749, "payload": [-1645, 1171, -198, 105, -8359, 1186], "label": 0}
{"timestamp": 1688696979.18769, "payload": [-1102, 788, -706, -292, -8146, 1757], "label": 0}
{"timestamp": 1688696979.202923, "payload": [-223, -230, -100, 344, -7730, 386], "label": 0}
{"timestamp": 1688696979.232259, "payload": [-450, 133, -285, 295, -7540, 709], "label": 0}
{"timestamp": 1688696979.247333, "payload": [-501, 216, -263, 287, -7836, 747], "label": 0}
{"timestamp": 1688696979.26241, "payload": [-439, 606, -137, 175, -8156, 737], "label": 0}
{"timestamp": 1688696979.2777112, "payload": [364, 407, -454, -32, -8067, 1206], "label": 0}
{"timestamp": 1688696979.307809, "payload": [1101, 55, -257, 123, -7813, 990], "label": 0}
{"timestamp": 1688696979.3522298, "payload": [190, -739, 745, 532, -7588, 539], "label": 0}
{"timestamp": 1688696979.396978, "payload": [-113, -769, 422, 164, -8125, 771], "label": 0}
{"timestamp": 1688696979.3969831, "payload": [-540, -272, -63, -12, -9167, 1352], "label": 0}
{"timestamp": 1688696979.4132469, "payload": [104, -259, -311, -64, -8925, 1412], "label": 0}
{"timestamp": 1688696979.4281862, "payload": [899, -234, -530, -41, -8377, 1230], "label": 0}
{"timestamp": 1688696979.443639, "payload": [1171, -367, -482, 210, -7682, 952], "label": 0}
{"timestamp": 1688696979.47271, "payload": [223, 48, -392, 155, -7987, 1142],