{"timestamp": 1688696983.597945, "payload": [427, 345, 693, 531, -7054, 2444], "label": 0}
{"timestamp": 1688696983.612448, "payload": [-3998, 1348, -865, 730, -9648, 4071], "label": 0}
{"timestamp": 1688696983.642973, "payload": [-2940, 439, -2621, 1017, -8221, 3092], "label": 0}
{"timestamp": 1688696983.672538, "payload": [-1751, 1281, -2082, 1202, -7024, 1636], "label": 0}
{"timestamp": 1688696983.68764, "payload": [-1050, 2334, 172, 1140, -5770, 1079], "label": 0}
{"timestamp": 1688696983.717515, "payload": [-2659, 2467, 1651, 914, -6499, 1615], "label": 0}
{"timestamp": 1688696983.732687, "payload": [-2935, 1674, 1968, 1015, -8960, 3117], "label": 0}
{"timestamp": 1688696983.762508, "payload": [-1945, 559, 380, 614, -9634, 3415], "label": 0}
{"timestamp": 1688696983.792821, "payload": [-988, -314, -921, 860, -8235, 2286], "label": 0}
{"timestamp": 1688696983.80783, "payload": [-597, 17, -838, 1261, -7285, 1514], "label": 0}
{"timestamp": 1688696983.837368, "payload": [-802, 670, -341, 1210, -6963, 1251], "label": 0}
{"timestamp": 1688696983.882252, "payload": [-3887, 3202, 491, 1023, -7990, 1358], "label": 0}
{"timestamp": 1688696983.8975859, "payload": [-4147, 3459, 392, 760, -8238, 1682], "label": 0}
{"timestamp": 1688696983.926414, "payload": [-4008, 3302, 66, 556, -8293, 1971], "label": 0}
{"timestamp": 1688696983.927377, "payload": [-3634, 2949, -45, 493, -8240, 1982], "label": 0}
{"timestamp": 1688696983.927379, "payload": [-2874, 2209, -132, 577, -7937, 1670], "label": 0}
{"timestamp": 1688696983.942367, "payload": [-2460, 1767, -99, 768, -7851, 1378], "label": 0}
{"timestamp": 1688696983.957242, "payload": [-2079, 1415, 138, 945, -7837, 999], "label": 0}
{"timestamp": 1688696984.017407, "payload": [-2088, 1845, -188, 784, -8837, 966], "label": 0}
{"timestamp": 1688696984.047611, "payload": [-1079, 1100, -585, 387, -7746, 1254], "label": 0}
{"timestamp": 1688696984.062537, "payload": [-555, -601, -260, 697, -8089, 1183], "label": 0}
{"timestamp": 1688696984.077622, "payload": [184, -916, 59, 1050, -7658, 547], "label": 0}
{"timestamp": 1688696984.0934231, "payload": [352, -802, 270, 1254, -7328, 238], "label": 0}
{"timestamp": 1688696984.109581, "payload": [-404, -199, 747, 1079, -7260, 491], "label": 0}
{"timestamp": 1688696984.1374311, "payload": [-933, -163, 600, 728, -8582, 1053], "label": 0}
{"timestamp": 1688696984.167555, "payload": [-257, -330, 352, 856, -8264, 692], "label": 0}
{"timestamp": 1688696984.196876, "payload": [-64, -494, 96, 403, -8020, 1110], "label": 0}
{"timestamp": 1688696984.212533, "payload": [51, -705, 657, 1236, -7063, -1], "label": 0}
{"timestamp": 1688696984.2275891, "payload": [-1040, 0, 624, 860, -8554, 576], "label": 0}
{"timestamp": 1688696984.2577431, "payload": [-1106, 2118, -546, 657, -10020, 954], "label": 0}
{"timestamp": 1688696984.2882922, "payload": [1284, 1683, -1279, 942, -7880, 710], "label": 0}
{"timestamp": 1688696984.302829, "payload": [1978, 1337, -577, 864, -6921, 68], "label": 0}
{"timestamp": 1688696984.332903, "payload": [794, 993, -140, 1127, -7414, 273], "label": 0}
{"timestamp": 1688696984.348087, "payload": [776, 112, -409, 753, -8802, 1010], "label": 0}
{"timestamp": 1688696984.391618, "payload": [2570, -323, -1069, 870, -7455, 1044], "label": 0}
{"timestamp": 1688696984.407734, "payload": [1165, 30, -597, 1265, -6848, 698], "label": 0}
{"timestamp": 1688696984.423554, "payload": [878, 85, -176, 931, -6816, 828], "label": 0}
{"timestamp": 1688696984.423558, "payload": [989, -715, 42, 950, -8558, 1169], "label": 0}
{"timestamp": 1688696984.452468, "payload": [3419, -1626, -429, 1217, -7823, 1028], "label": 0}
{"timestamp": 1688696984.469684, "payload": [1925, -1455, -569, 1354, -8040, 1233], "label": 0}
{"timestamp": 1688696984.54263, "payload": [-491, -1034, 244, 1545, -6151, 811], "label": 0}
{"timestamp": 1688696984.5426319, "payload": [-1939, -1024, 631, 1445, -6981, 1046], "label": 0}
{"timestamp": 1688696984.557377, "payload": [-3076, -1303, 709, 1409, -6969, 662], "label": 0}
{"timestamp": 1688696984.572171, "payload": [-4383, -1488, 811, 1116, -8784, 1218], "label": 0}
{"timestamp": 1688696984.587469, "payload": [-4172, -1016, 572, 1195, -8341, 1413], "label": 0}
{"timestamp": 1688696984.602379, "payload": [-4325, -646, -124, 1224, -9168, 1711], "label": 0}
{"timestamp": 1688696984.6623821, "payload": [-3691, -345, 317, 1119, -7812, 804], "label": 0}
{"timestamp": 1688696984.6772768, "payload": [-2420, -407, 403, 1392, -7905, 401], "label": 0}
{"timestamp": 1688696984.707969, "payload": [-2138, -416, 697, 1285, -7774, 268], "label": 0}
{"timestamp": 1688696984.723412, "payload": [-3142, -452, 1804, 1454, -7075, -206], "label": 0}
{"timestamp": 1688696984.752361, "payload": [-2808, -213, 2828, 1205, -7718, -242], "label": 0}
{"timestamp": 1688696984.782262, "payload": [-1417, 198, 2551, 902, -9011, -37], "label": 0}
{"timestamp": 1688696984.797308, "payload": [-1615, 495, 883, 690, -9793, 398], "label": 0}
{"timestamp": 1688696984.827368, "payload": [-1615, 220, -554, 533, -7333, -549], "label": 0}
{"timestamp": 1688696984.842262, "payload": [-62, 665, 880, 878, -5577, -1350], "label": 0}
{"timestamp": 1688696984.872258, "payload": [-1968, 985, 565, 652, -7303, -808], "label": 0}
{"timestamp": 1688696984.902165, "payload": [-3926, 1821, 2711, 843, -7634, -759], "label": 0}
{"timestamp": 1688696984.917894, "payload": [-2826, 2110, 2456, 327, -7860, -347], "label": 0}
{"timestamp": 1688696984.947242, "payload": [-2318, 1598, 2712, 307, -7999, -835], "label": 0}
{"timestamp": 1688696984.977599, "payload": [-3486, 1244, 2639, 314, -8892, -1188], "label": 0}
{"timestamp": 1688696984.99279, "payload": [-3856, 1999, 2070, 530, -8539, -1986], "label": 0}
{"timestamp": 1688696985.037211, "payload": [-2629, 4930, 1264, 102, -7406, -1951], "label": 0}
{"timestamp": 1688696985.0601559, "payload": [-2580, 5547, 1392, 209, -7303, -2297], "label": 0}
{"timestamp": 1688696985.067292, "payload": [-2302, 6709, 2243, 216, -7699, -2266], "label": 0}
{"timestamp": 1688696985.096399, "payload": [-3457, 5884, 1088, -2009, -9328, 347], "label": 0}
{"timestamp": 1688696985.098253, "payload": [-473, 2649, 1292, -622, -8862, -1331], "label": 0}
{"timestamp": 1688696985.112294, "payload": [-1294, 2261, 762, 861, -7882, -3154], "label": 0}
{"timestamp": 1688696985.172132, "payload": [-730, 2553, 1051, -465, -8338, -1732], "label": 0}
{"timestamp": 1688696985.2163148, "payload": [-698, 1522, 1087, -32, -7781, -2153], "label": 0}
{"timestamp": 1688696985.2173471, "payload": [-807, 1603, 1533, -566, -7856, -1674], "label": 0}
{"timestamp": 1688696985.232181, "payload": [-3, 68, 932, -549, -8360, -1612], "label": 0}
{"timestamp": 1688696985.247214, "payload": [712, -500, 760, -263, -8377, -1953], "label": 0}
{"timestamp": 1688696985.2774699, "payload": [2014, -1142, -403, -384, -9034, -1977], "label": 0}
{"timestamp": 1688696985.292842, "payload": [4988, -3615, -3024, -1414, -10356, -225], "label": 0}
{"timestamp": 1688696985.322762, "payload": [6049, -5680, -1677, 429, -6517, -2460], "label": 0}
{"timestamp": 1688696985.35254, "payload": [4796, -4554, -1991, 265, -7024, -1600], "label": 0}
{"timestamp": 1688696985.367523, "payload": [3780, -4160, -1478, 22, -7936, -835], "label": 0}
{"timestamp": 1688696985.397581, "payload": [3106, -4751, -1398, -94, -7595, -715], "label": 0}
{"timestamp": 1688696985.412411, "payload": [3932, -4669, -1451, 178, -8897, -421], "label": 0}
{"timestamp": 1688696985.442463, "payload": [6290, -5839, -2827, 60, -8911, 177], "label": 0}
{"timestamp": 1688696985.472668, "payload": [7700, -6727, -3387, -25, -8970, 676], "label": 0}
{"timestamp": 1688696985.487283, "payload": [8071, -6450, -3224, 1042, -7106, 76], "label": 0}
{"timestamp": 1688696985.51777, "payload": [5474, -4092, -2023, 1438, -5994, -209], "label": 0}
{"timestamp": 1688696985.532445, "payload": [2100, -2847, -473, 1474, -7358, 632], "label": 0}
{"timestamp": 1688696985.562388,