{"timestamp": 1688859155.0797231, "payload": [-121, -209, -395, -529, -394, -7693], "label": 2}
{"timestamp": 1688859155.0797231, "payload": [-480, 495, -981, -1368, -284, -7804], "label": 2}
{"timestamp": 1688859155.079724, "payload": [-1128, 895, -1503, -2142, -1114, -7528], "label": 2}
{"timestamp": 1688859155.094888, "payload": [-1433, 809, -1864, -2130, -1400, -8097], "label": 2}
{"timestamp": 1688859155.0948899, "payload": [-1839, 614, -2297, -1488, -2126, -7777], "label": 2}
{"timestamp": 1688859155.094891, "payload": [-1845, 838, -2663, -1211, -2507, -7444], "label": 2}
{"timestamp": 1688859155.109845, "payload": [-1449, 1396, -2993, -1911, -2309, -7483], "label": 2}
{"timestamp": 1688859155.109847, "payload": [-1342, 1709, -3154, -2446, -2459, -7335], "label": 2}
{"timestamp": 1688859155.109848, "payload": [-1195, 1617, -3154, -2303, -2585, -7172], "label": 2}
{"timestamp": 1688859155.12556, "payload": [-907, 1522, -3118, -1902, -2462, -7235], "label": 2}
{"timestamp": 1688859155.12556, "payload": [-783, 1540, -3129, -1527, -2607, -7264], "label": 2}
{"timestamp": 1688859155.1255622, "payload": [-687, 1696, -3235, -1385, -2688, -7336], "label": 2}
{"timestamp": 1688859155.140577, "payload": [-503, 1935, -3370, -1513, -2621, -7423], "label": 2}
{"timestamp": 1688859155.140578, "payload": [-237, 2145, -3458, -1718, -2275, -7630], "label": 2}
{"timestamp": 1688859155.140579, "payload": [-75, 2236, -3409, -1794, -1991, -7725], "label": 2}
{"timestamp": 1688859155.1405802, "payload": [-100, 2248, -3259, -1861, -1966, -7660], "label": 2}
{"timestamp": 1688859155.155396, "payload": [-200, 2234, -3117, -2128, -2234, -7454], "label": 2}
{"timestamp": 1688859155.1553972, "payload": [-210, 2074, -3035, -2389, -2394, -7514], "label": 2}
{"timestamp": 1688859155.155398, "payload": [-154, 1776, -2997, -2450, -2335, -7711], "label": 2}
{"timestamp": 1688859155.1698308, "payload": [-108, 1546, -2828, -2458, -2065, -7857], "label": 2}
{"timestamp": 1688859155.1698308, "payload": [-251, 1448, -2481, -2552, -2113, -7903], "label": 2}
{"timestamp": 1688859155.169832, "payload": [-492, 1304, -2148, -2742, -2556, -7891], "label": 2}
{"timestamp": 1688859155.169833, "payload": [-572, 1126, -1832, -2928, -3053, -7732], "label": 2}
{"timestamp": 1688859155.197804, "payload": [-364, 897, -1518, -3032, -3301, -7495], "label": 2}
{"timestamp": 1688859155.1978052, "payload": [20, 561, -1182, -3024, -3379, -7256], "label": 2}
{"timestamp": 1688859155.1978061, "payload": [458, 150, -860, -2904, -3265, -7288], "label": 2}
{"timestamp": 1688859155.214887, "payload": [821, -244, -623, -2728, -3067, -7396], "label": 2}
{"timestamp": 1688859155.2148879, "payload": [1029, -519, -460, -2730, -3012, -7364], "label": 2}
{"timestamp": 1688859155.214889, "payload": [1258, -738, -270, -2693, -2938, -7454], "label": 2}
{"timestamp": 1688859155.2297611, "payload": [1471, -1000, -100, -2716, -3093, -7208], "label": 2}
{"timestamp": 1688859155.229762, "payload": [1937, -1232, 115, -3234, -3215, -6729], "label": 2}
{"timestamp": 1688859155.229763, "payload": [2625, -1042, 436, -2969, -2625, -7753], "label": 2}
{"timestamp": 1688859155.244896, "payload": [2625, -1446, 406, -2092, -2628, -7643], "label": 2}
{"timestamp": 1688859155.244898, "payload": [2305, -1770, 347, -1848, -2962, -7567], "label": 2}
{"timestamp": 1688859155.244898, "payload": [2420, -1796, 311, -1881, -2819, -7683], "label": 2}
{"timestamp": 1688859155.2596328, "payload": [2626, -1823, 241, -1809, -2405, -7702], "label": 2}
{"timestamp": 1688859155.259634, "payload": [2579, -1885, 159, -1877, -2223, -7677], "label": 2}
{"timestamp": 1688859155.259635, "payload": [2358, -1954, 104, -1954, -2283, -7752], "label": 2}
{"timestamp": 1688859155.274766, "payload": [2107, -2058, 66, -2017, -2654, -7696], "label": 2}
{"timestamp": 1688859155.2747672, "payload": [1982, -2140, 5, -2005, -3047, -7691], "label": 2}
{"timestamp": 1688859155.2747679, "payload": [2078, -2166, -28, -2245, -3235, -7614], "label": 2}
{"timestamp": 1688859155.289979, "payload": [2217, -2228, -44, -2449, -3432, -7537], "label": 2}
{"timestamp": 1688859155.28998, "payload": [2380, -2366, -109, -2605, -3627, -7429], "label": 2}
{"timestamp": 1688859155.2899818, "payload": [2572, -2556, -191, -2715, -3782, -7333], "label": 2}
{"timestamp": 1688859155.2899818, "payload": [2767, -2756, -261, -2833, -3967, -7246], "label": 2}
{"timestamp": 1688859155.304954, "payload": [3043, -3016, -246, -2926, -4091, -7270], "label": 2}
{"timestamp": 1688859155.304954, "payload": [3344, -3355, -172, -2903, -4210, -7360], "label": 2}
{"timestamp": 1688859155.3049548, "payload": [3603, -3703, -121, -2885, -4373, -7421], "label": 2}
{"timestamp": 1688859155.320735, "payload": [3879, -3977, -59, -2834, -4641, -7409], "label": 2}
{"timestamp": 1688859155.320735, "payload": [4249, -4222, -43, -2873, -4792, -7657], "label": 2}
{"timestamp": 1688859155.320736, "payload": [4512, -4520, 42, -2742, -5150, -7773], "label": 2}
{"timestamp": 1688859155.320736, "payload": [4738, -4791, 61, -2649, -5592, -7899], "label": 2}
{"timestamp": 1688859155.335066, "payload": [5043, -5012, 5, -2535, -6012, -7952], "label": 2}
{"timestamp": 1688859155.3350668, "payload": [5332, -5174, -136, -2424, -6383, -7924], "label": 2}
{"timestamp": 1688859155.335068, "payload": [5705, -5202, -340, -2451, -6605, -7905], "label": 2}
{"timestamp": 1688859155.350344, "payload": [6452, -4701, -1492, -2020, -7736, -8143], "label": 2}
{"timestamp": 1688859155.350345, "payload": [6588, -4445, -1974, -1923, -8212, -8034], "label": 2}
{"timestamp": 1688859155.350347, "payload": [7092, -4001, -2385, -1882, -8416, -7991], "label": 2}
{"timestamp": 1688859155.3650298, "payload": [7734, -3365, -2880, -1929, -8203, -8114], "label": 2}
{"timestamp": 1688859155.365031, "payload": [8066, -2899, -3418, -2009, -8177, -8208], "label": 2}
{"timestamp": 1688859155.365032, "payload": [8098, -2656, -4017, -2038, -8583, -8260], "label": 2}
{"timestamp": 1688859155.380394, "payload": [8309, -2463, -4577, -2015, -8973, -8223], "label": 2}
{"timestamp": 1688859155.3803961, "payload": [8857, -2247, -5018, -2026, -9179, -8180], "label": 2}
{"timestamp": 1688859155.3803961, "payload": [9619, -1910, -5485, -2253, -9090, -8234], "label": 2}
{"timestamp": 1688859155.395005, "payload": [10393, -1553, -5852, -2485, -8910, -8301], "label": 2}
{"timestamp": 1688859155.395006, "payload": [11003, -1264, -6166, -2756, -8765, -8300], "label": 2}
{"timestamp": 1688859155.395008, "payload": [11520, -1015, -6487, -3068, -8571, -8270], "label": 2}
{"timestamp": 1688859155.395008, "payload": [12000, -871, -6784, -3452, -8293, -8140], "label": 2}
{"timestamp": 1688859155.41091, "payload": [12512, -874, -6931, -3573, -7719, -7826], "label": 2}
{"timestamp": 1688859155.410912, "payload": [12980, -749, -7116, -3956, -7089, -7734], "label": 2}
{"timestamp": 1688859155.410912, "payload": [13114, -738, -7308, -4132, -6744, -7946], "label": 2}
{"timestamp": 1688859155.423867, "payload": [13003, -1028, -7279, -4000, -6923, -8236], "label": 2}
{"timestamp": 1688859155.423868, "payload": [12975, -1222, -7148, -3678, -7213, -8204], "label": 2}
{"timestamp": 1688859155.423868, "payload": [13346, -1048, -7066, -3711, -7194, -8207], "label": 2}
{"timestamp": 1688859155.438713, "payload": [13868, -629, -6837, -3960, -6776, -8171], "label": 2}
{"timestamp": 1688859155.438713, "payload": [14155, -264, -6456, -4186, -6365, -7859], "label": 2}
{"timestamp": 1688859155.438714, "payload": [14251, -6, -6089, -4475, -6191, -7431], "label": 2}
{"timestamp": 1688859155.452553, "payload": [14347, 111, -5624, -4806, -6196, -6974], "label": 2}
{"timestamp": 1688859155.452554, "payload": [14562, 47, -4938, -5000, -6336, -6556], "label": 2}
{"timestamp": 1688859155.452554, "payload": [14921, -149, -4134, -4931, -6442, -6069], "label": 2}
{"timestamp": 1688859155.468163, "payload": [15466, -366, -3449, -4907, -6404, -5674], "label": 2}
{"timestamp": 1688859155.468163,