{"timestamp": 1688859112.92924, "payload": [-3145, -2827, 9077, -2069, -2826, -1682], "label": 2}
{"timestamp": 1688859112.92924, "payload": [-3883, -2880, 8321, -1556, -2132, -1227], "label": 2}
{"timestamp": 1688859112.9292412, "payload": [-5365, -2605, 7154, -1820, -5814, -3219], "label": 2}
{"timestamp": 1688859112.944896, "payload": [-6931, -1616, 4362, 477, -9265, -3117], "label": 2}
{"timestamp": 1688859112.9448981, "payload": [-7451, -847, 2206, 1662, -8458, -2039], "label": 2}
{"timestamp": 1688859112.9448981, "payload": [-7563, 24, 1289, 694, -8037, -3112], "label": 2}
{"timestamp": 1688859112.959549, "payload": [-8602, 135, 462, -521, -8743, -4012], "label": 2}
{"timestamp": 1688859112.9595509, "payload": [-9943, -575, -629, -201, -10622, -4351], "label": 2}
{"timestamp": 1688859112.9595509, "payload": [-10543, -996, -1549, 679, -12113, -4870], "label": 2}
{"timestamp": 1688859112.974574, "payload": [-10775, -620, -2331, 1490, -13528, -4371], "label": 2}
{"timestamp": 1688859112.974574, "payload": [-10186, 385, -3119, 1575, -14529, -3769], "label": 2}
{"timestamp": 1688859112.974575, "payload": [-8600, 1777, -4003, 349, -14798, -3035], "label": 2}
{"timestamp": 1688859112.989193, "payload": [-6304, 2753, -4610, -783, -14079, -1806], "label": 2}
{"timestamp": 1688859112.989193, "payload": [-3500, 3130, -4849, -1723, -12181, -1036], "label": 2}
{"timestamp": 1688859112.989194, "payload": [-1117, 3136, -4850, -2635, -10148, -872], "label": 2}
{"timestamp": 1688859112.989194, "payload": [295, 2706, -4374, -2999, -8446, -916], "label": 2}
{"timestamp": 1688859113.003078, "payload": [720, 2013, -3789, -2878, -7529, -984], "label": 2}
{"timestamp": 1688859113.003079, "payload": [618, 1296, -3145, -2768, -7456, -799], "label": 2}
{"timestamp": 1688859113.00308, "payload": [603, 664, -2392, -2506, -7411, -1225], "label": 2}
{"timestamp": 1688859113.017539, "payload": [581, 174, -1758, -1891, -7400, -1935], "label": 2}
{"timestamp": 1688859113.017539, "payload": [257, -108, -1483, -1233, -7912, -2108], "label": 2}
{"timestamp": 1688859113.01754, "payload": [103, 39, -1451, -937, -8355, -2169], "label": 2}
{"timestamp": 1688859113.0328, "payload": [401, 418, -1409, -945, -8229, -2214], "label": 2}
{"timestamp": 1688859113.032801, "payload": [751, 751, -1406, -1035, -7776, -2316], "label": 2}
{"timestamp": 1688859113.032802, "payload": [895, 954, -1501, -1194, -7446, -2245], "label": 2}
{"timestamp": 1688859113.048872, "payload": [856, 1035, -1618, -1352, -7205, -2243], "label": 2}
{"timestamp": 1688859113.048873, "payload": [759, 1016, -1670, -1394, -7108, -2249], "label": 2}
{"timestamp": 1688859113.048873, "payload": [684, 968, -1665, -1348, -7130, -2397], "label": 2}
{"timestamp": 1688859113.062078, "payload": [664, 888, -1615, -1267, -7255, -2470], "label": 2}
{"timestamp": 1688859113.062078, "payload": [714, 876, -1544, -1067, -7250, -2652], "label": 2}
{"timestamp": 1688859113.06208, "payload": [792, 903, -1477, -884, -7129, -2793], "label": 2}
{"timestamp": 1688859113.077358, "payload": [713, 982, -1476, -795, -6981, -2912], "label": 2}
{"timestamp": 1688859113.0773592, "payload": [558, 1095, -1503, -788, -6850, -2940], "label": 2}
{"timestamp": 1688859113.0773602, "payload": [363, 1227, -1457, -736, -6800, -2894], "label": 2}
{"timestamp": 1688859113.0773609, "payload": [159, 1350, -1374, -614, -6757, -2944], "label": 2}
{"timestamp": 1688859113.092545, "payload": [-97, 1455, -1316, -466, -6918, -3047], "label": 2}
{"timestamp": 1688859113.0925472, "payload": [-318, 1596, -1324, -318, -7130, -3144], "label": 2}
{"timestamp": 1688859113.0925472, "payload": [-383, 1808, -1326, -218, -7246, -3043], "label": 2}
{"timestamp": 1688859113.107279, "payload": [-242, 2084, -1287, -248, -7234, -2891], "label": 2}
{"timestamp": 1688859113.1072798, "payload": [80, 2332, -1136, -461, -6953, -2618], "label": 2}
{"timestamp": 1688859113.1072798, "payload": [403, 2505, -977, -861, -6481, -2355], "label": 2}
{"timestamp": 1688859113.107281, "payload": [460, 2749, -780, -1331, -6212, -2109], "label": 2}
{"timestamp": 1688859113.1315598, "payload": [445, 2610, -666, -1464, -6138, -1895], "label": 2}
{"timestamp": 1688859113.131561, "payload": [632, 2338, -592, -1322, -5831, -1870], "label": 2}
{"timestamp": 1688859113.131561, "payload": [823, 2117, -595, -1208, -5287, -2227], "label": 2}
{"timestamp": 1688859113.137275, "payload": [593, 1940, -776, -911, -5070, -2784], "label": 2}
{"timestamp": 1688859113.137276, "payload": [-49, 2060, -1110, -598, -5339, -3078], "label": 2}
{"timestamp": 1688859113.137277, "payload": [-767, 2458, -1474, -410, -5808, -3087], "label": 2}
{"timestamp": 1688859113.1526778, "payload": [-1095, 3054, -1883, -499, -6507, -2749], "label": 2}
{"timestamp": 1688859113.152679, "payload": [-550, 3563, -2172, -821, -6151, -2407], "label": 2}
{"timestamp": 1688859113.1526809, "payload": [630, 3903, -2150, -1469, -4545, -2108], "label": 2}
{"timestamp": 1688859113.167658, "payload": [1489, 3862, -1887, -2030, -1796, -2484], "label": 2}
{"timestamp": 1688859113.167659, "payload": [659, 3240, -1783, -2203, 70, -2805], "label": 2}
{"timestamp": 1688859113.16766, "payload": [-1319, 2680, -1863, -2210, 337, -2486], "label": 2}
{"timestamp": 1688859113.182497, "payload": [-2117, 2581, -1070, -2768, 1410, -2871], "label": 2}
{"timestamp": 1688859113.1824992, "payload": [-2204, 2195, 913, -2453, 3762, -4081], "label": 2}
{"timestamp": 1688859113.1824992, "payload": [-4739, 847, 2738, -294, 4325, -8165], "label": 2}
{"timestamp": 1688859113.1975548, "payload": [-14040, -141, 2240, 4147, -4809, -12186], "label": 2}
{"timestamp": 1688859113.197556, "payload": [-21833, 2636, 418, 7507, -16442, -10722], "label": 2}
{"timestamp": 1688859113.197557, "payload": [-20741, 6914, 294, 7612, -22117, -5471], "label": 2}
{"timestamp": 1688859113.2125099, "payload": [-13991, 12479, -2284, -6571, -11983, 5543], "label": 2}
{"timestamp": 1688859113.212511, "payload": [-7522, 12217, -4189, -12227, -5124, 1874], "label": 2}
{"timestamp": 1688859113.212512, "payload": [-4226, 6722, 174, -6864, -2599, -2982], "label": 2}
{"timestamp": 1688859113.212513, "payload": [-3344, 3066, 3200, 1516, -1452, -6262], "label": 2}
{"timestamp": 1688859113.227464, "payload": [-5295, 4259, 2284, 3010, -1678, -5485], "label": 2}
{"timestamp": 1688859113.2274659, "payload": [-7153, 7018, 460, -1307, 142, -4599], "label": 2}
{"timestamp": 1688859113.227467, "payload": [-7385, 7013, 1389, -2877, 3670, -6993], "label": 2}
{"timestamp": 1688859113.242104, "payload": [-9547, 5673, 2441, -1256, 4830, -7718], "label": 2}
{"timestamp": 1688859113.242105, "payload": [-12782, 5107, 2994, -896, 5407, -7540], "label": 2}
{"timestamp": 1688859113.242111, "payload": [-15269, 5356, 3910, -2734, 6647, -8050], "label": 2}
{"timestamp": 1688859113.242112, "payload": [-17384, 4964, 5449, -3656, 7684, -8751], "label": 2}
{"timestamp": 1688859113.260254, "payload": [-19848, 4280, 7364, -2417, 5834, -10406], "label": 2}
{"timestamp": 1688859113.260256, "payload": [-22710, 4482, 8628, -1696, 2425, -11573], "label": 2}
{"timestamp": 1688859113.260256, "payload": [-25282, 5021, 9331, -1565, -1598, -10878], "label": 2}
{"timestamp": 1688859113.2729962, "payload": [-26259, 5297, 9443, -2804, -2784, -9653], "label": 2}
{"timestamp": 1688859113.2729962, "payload": [-25125, 4883, 9542, -3835, -1554, -10557], "label": 2}
{"timestamp": 1688859113.2729979, "payload": [-24057, 4004, 9927, -3234, -131, -12110], "label": 2}
{"timestamp": 1688859113.287756, "payload": [-24117, 3611, 10242, -1920, 733, -13016], "label": 2}
{"timestamp": 1688859113.287756, "payload": [-25105, 4020, 10187, -1432, 651, -13993], "label": 2}
{"timestamp": 1688859113.287758, "payload": [-26901, 4783, 9645, -1699, -1592, -14018], "label": 2}
{"timestamp": 1688859113.302515, "payload": [-28015, 5385, 8763, -2653, -2927, -13718], "label": 2}
{"timestamp": 1688859113.302519, "payload": [-27960, 5108, 8641, -2113, -3816, -14560],