{"timestamp": 1688697344.7987552, "payload": [-1, -30, 5, -14, -6, 46, -10, 4, 59, -12, 40, 51, 0, 30, 24], "label": 1}
{"timestamp": 1688697344.834783, "payload": [-2, -37, 8, -14, -9, 44, -8, -12, 44, 1, 21, 29, -5, 24, 28], "label": 1}
{"timestamp": 1688697344.8433762, "payload": [-5, -38, 9, -5, -14, 28, 5, -1, 27, 6, 15, 18, 9, -5, 3], "label": 1}
{"timestamp": 1688697344.886911, "payload": [-6, -34, 8, -3, -7, 28, 2, -1, 29, 3, 23, 20, -8, 28, 35], "label": 1}
{"timestamp": 1688697344.888695, "payload": [-7, -30, 7, -4, -2, 28, 0, 2, 32, -1, 27, 27, -7, 31, 30], "label": 1}
{"timestamp": 1688697344.918155, "payload": [-2, -26, 3, -4, -4, 30, -2, -1, 36, -1, 25, 27, -8, 22, 28], "label": 1}
{"timestamp": 1688697344.948537, "payload": [-3, -30, 2, -6, -7, 32, -2, -6, 34, 1, 19, 26, -3, 15, 20], "label": 1}
{"timestamp": 1688697344.9635358, "payload": [-6, -38, 3, -5, -10, 30, 0, -8, 29, 3, 16, 23, -1, 14, 20], "label": 1}
{"timestamp": 1688697344.979755, "payload": [-7, -39, 3, -3, -11, 28, 2, -8, 28, 4, 16, 22, -1, 14, 21], "label": 1}
{"timestamp": 1688697344.9939342, "payload": [-7, -39, 4, -3, -12, 27, 3, -8, 27, 5, 15, 22, 0, 13, 22], "label": 1}
{"timestamp": 1688697345.099852, "payload": [0, -34, -7, -9, -14, 34, -7, -10, 41, 0, 21, 40, -4, 18, 36], "label": 1}
{"timestamp": 1688697345.10037, "payload": [0, -34, -8, -9, -14, 34, -6, -10, 40, 0, 21, 39, -4, 19, 37], "label": 1}
{"timestamp": 1688697345.114045, "payload": [0, -33, -8, -8, -14, 33, -2, -9, 37, 2, 20, 35, -3, 20, 37], "label": 1}
{"timestamp": 1688697345.1291552, "payload": [0, -34, -9, -7, -14, 32, -2, -9, 35, 2, 19, 32, -3, 19, 35], "label": 1}
{"timestamp": 1688697345.144036, "payload": [-3, -35, -7, -4, -15, 29, -1, -11, 32, 2, 16, 30, -3, 14, 30], "label": 1}
{"timestamp": 1688697345.174038, "payload": [-6, -37, -4, -8, -14, 33, -2, -10, 35, 2, 18, 31, -2, 16, 28], "label": 1}
{"timestamp": 1688697345.2190819, "payload": [-2, -39, -3, -10, -11, 37, -4, -6, 39, 0, 24, 33, -3, 23, 31], "label": 1}
{"timestamp": 1688697345.248884, "payload": [-4, -34, -4, -5, -8, 32, -2, -4, 35, 1, 23, 29, -3, 22, 29], "label": 1}
{"timestamp": 1688697345.263704, "payload": [-7, -32, -2, -4, -7, 31, 0, -4, 33, 2, 22, 26, -2, 21, 26], "label": 1}
{"timestamp": 1688697345.307111, "payload": [-8, -32, 0, -3, -8, 30, 3, -4, 30, 2, 20, 24, -2, 19, 24], "label": 1}
{"timestamp": 1688697345.323318, "payload": [-7, -35, 1, -3, -9, 31, 3, -3, 32, 5, 22, 22, 3, 20, 21], "label": 1}
{"timestamp": 1688697345.3381288, "payload": [-5, -39, -1, -6, -9, 36, 2, -1, 35, 6, 25, 20, 6, 23, 20], "label": 1}
{"timestamp": 1688697345.368139, "payload": [-5, -31, -2, -4, -8, 30, 3, -2, 30, 4, 21, 21, 4, 21, 21], "label": 1}
{"timestamp": 1688697345.3835788, "payload": [-6, -26, -4, -2, -8, 24, 4, -3, 27, 4, 19, 22, 1, 18, 24], "label": 1}
{"timestamp": 1688697345.4143639, "payload": [-9, -26, -3, -2, -9, 23, 2, -4, 27, 2, 17, 23, -3, 15, 25], "label": 1}
{"timestamp": 1688697345.44413, "payload": [-12, -28, -2, -3, -11, 24, 3, -6, 27, 4, 17, 23, 0, 15, 25], "label": 1}
{"timestamp": 1688697345.459439, "payload": [-12, -31, -5, -4, -13, 25, 2, -8, 27, 5, 15, 22, 1, 13, 23], "label": 1}
{"timestamp": 1688697345.488874, "payload": [-10, -33, -7, -11, -16, 33, 0, -10, 33, 7, 17, 25, 4, 17, 25], "label": 1}
{"timestamp": 1688697345.519052, "payload": [-10, -34, -8, -10, -17, 31, -2, -10, 36, 3, 18, 32, 1, 16, 29], "label": 1}
{"timestamp": 1688697345.579603, "payload": [-15, -30, -9, -8, -17, 27, 1, -11, 31, 7, 15, 27, 3, 14, 27], "label": 1}
{"timestamp": 1688697345.609022, "payload": [-14, -35, -9, -9, -21, 28, 1, -14, 31, 7, 13, 29, 2, 11, 29], "label": 1}
{"timestamp": 1688697345.624405, "payload": [-13, -36, -10, -9, -23, 27, 0, -16, 31, 6, 12, 32, -1, 9, 32], "label": 1}
{"timestamp": 1688697345.6390212, "payload": [-12, -33, -11, -9, -23, 26, -1, -17, 32, 6, 11, 34, -1, 9, 33], "label": 1}
{"timestamp": 1688697345.639029, "payload": [-12, -31, -12, -9, -22, 26, -1, -16, 32, 6, 12, 34, 0, 10, 33], "label": 1}
{"timestamp": 1688697345.669097, "payload": [-13, -30, -12, -9, -20, 26, 0, -12, 33, 6, 16, 32, 0, 13, 34], "label": 1}
{"timestamp": 1688697345.7445009, "payload": [-11, -30, -13, -7, -21, 26, 1, -13, 32, 8, 14, 31, 3, 12, 32], "label": 1}
{"timestamp": 1688697345.7609441, "payload": [-9, -29, -15, -6, -22, 25, 3, -13, 31, 8, 14, 31, 5, 12, 32], "label": 1}
{"timestamp": 1688697345.760951, "payload": [-9, -30, -15, -6, -22, 25, 3, -13, 31, 8, 14, 30, 4, 12, 31], "label": 1}
{"timestamp": 1688697345.788985, "payload": [-10, -31, -14, -6, -23, 24, 0, -14, 32, 7, 13, 32, 1, 9, 32], "label": 1}
{"timestamp": 1688697345.818134, "payload": [-8, -27, -15, -4, -20, 24, 2, -11, 32, 8, 17, 31, 5, 14, 32], "label": 1}
{"timestamp": 1688697345.833215, "payload": [-5, -32, -16, -5, -23, 26, 4, -13, 31, 10, 15, 28, 7, 13, 30], "label": 1}
{"timestamp": 1688697345.86366, "payload": [-2, -31, -19, -5, -26, 25, 4, -18, 29, 11, 10, 27, 8, 8, 26], "label": 1}
{"timestamp": 1688697345.8786318, "payload": [1, -30, -22, -3, -26, 23, 7, -16, 26, 12, 10, 24, 9, 10, 25], "label": 1}
{"timestamp": 1688697345.908024, "payload": [-4, -30, -17, -3, -26, 21, 7, -15, 23, 9, 8, 22, 8, 7, 23], "label": 1}
{"timestamp": 1688697345.952302, "payload": [-9, -29, -10, 0, -22, 18, 4, -11, 21, 6, 9, 22, 0, 6, 25], "label": 1}
{"timestamp": 1688697345.95309, "payload": [-13, -38, -10, -2, -18, 19, -3, -7, 21, -1, 9, 17, 0, 11, 16], "label": 1}
{"timestamp": 1688697345.9832509, "payload": [-13, -38, -5, -9, -8, 27, -15, 2, 29, -15, 22, 25, -15, 2, 26], "label": 1}
{"timestamp": 1688697346.013352, "payload": [-15, -31, 0, -14, 1, 29, -20, 5, 28, -21, 18, 20, -14, 24, 20], "label": 1}
{"timestamp": 1688697346.0281432, "payload": [-14, -31, -6, -15, 11, 28, -20, 20, 27, -28, 29, 14, -21, 35, 15], "label": 1}
{"timestamp": 1688697346.072248, "payload": [-12, -16, -3, -23, 7, 34, -26, 17, 29, -34, 25, 16, -29, 30, 14], "label": 1}
{"timestamp": 1688697346.073261, "payload": [-8, -25, -3, -19, -2, 28, -31, 9, 28, -40, 17, 25, -42, 21, 21], "label": 1}
{"timestamp": 1688697346.103106, "payload": [-9, -33, -4, -23, 0, 32, -29, 11, 28, -34, 19, 21, -32, 22, 18], "label": 1}
{"timestamp": 1688697346.13373, "payload": [-12, -37, -3, -24, -2, 32, -27, 10, 27, -28, 19, 17, -24, 22, 14], "label": 1}
{"timestamp": 1688697346.133734, "payload": [-12, -38, -3, -23, -2, 31, -25, 9, 26, -26, 17, 16, -23, 20, 13], "label": 1}
{"timestamp": 1688697346.1494489, "payload": [-13, -35, -4, -19, -2, 28, -22, 7, 24, -24, 16, 16, -22, 18, 13], "label": 1}
{"timestamp": 1688697346.2234209, "payload": [-11, -34, -8, -20, -3, 29, -23, 7, 25, -24, 17, 19, -23, 19, 17], "label": 1}
{"timestamp": 1688697346.253294, "payload": [-12, -33, -7, -20, -3, 29, -23, 6, 26, -24, 16, 19, -23, 18, 16], "label": 1}
{"timestamp": 1688697346.2532969, "payload": [-12, -32, -7, -18, -3, 28, -22, 6, 25, -24, 16, 19, -22, 18, 16], "label": 1}
{"timestamp": 1688697346.2685068, "payload": [-13, -32, -7, -19, -3, 28, -21, 6, 25, -23, 15, 19, -22, 17, 16], "label": 1}
{"timestamp": 1688697346.268703, "payload": [-13, -33, -7, -19, -3, 27, -21, 6, 24, -23, 15, 19, -22, 17, 17], "label": 1}
{"timestamp": 1688697346.3127291, "payload": [-12, -33, -8, -19, -4, 28, -23, 5, 25, -24, 15, 19, -23, 17, 16], "label": 1}
{"timestamp": 1688697346.3736398, "payload": [-15, -42, -5, -20, -8, 29, -20, 2, 24, -18, 13, 16, -15, 14, 9], "label": 1}
{"timestamp": 1688697346.40325, "payload": [-17, -43, -2, -17, -8, 27, -16, 3, 20, -15, 14, 10, -12, 16, 5], "label": 1}
{"timestamp": 1688697346.432014, "payload": [-17, -46, -1, -18, -5, 29, -18, 6, 23, -17, 16, 9, -12, 20, 0], "label": 1}
{"timestamp": 1688697346.44819, "payload": [-19, -50, -1, -15, -3, 25, -12, 7, 17, -15, 16, 0, -10, 21, -8], "label": 1}
{"timestamp": 1688697346.478163, "payload": [-14, -39, -4, -9, 1, 18, -6, 14, 13, -15, 22, -8, -10, 29, -15], "label": 1}
{"timestamp": 1688697346.493561,