{"timestamp": 1688697344.814079, "payload": [-3312, 366, -1075, 469, -7754, 905], "label": 1}
{"timestamp": 1688697344.834785, "payload": [-4639, 1906, -1443, -400, -9042, 2202], "label": 1}
{"timestamp": 1688697344.858099, "payload": [-2190, 2326, -559, -789, -8573, 2030], "label": 1}
{"timestamp": 1688697344.888693, "payload": [-1213, 2130, 197, -985, -7289, 1734], "label": 1}
{"timestamp": 1688697344.903679, "payload": [-2154, 1789, -149, -192, -6012, 439], "label": 1}
{"timestamp": 1688697344.933119, "payload": [-4762, 2879, 379, -50, -6426, 67], "label": 1}
{"timestamp": 1688697344.9485388, "payload": [-6378, 3857, 978, -468, -8116, 356], "label": 1}
{"timestamp": 1688697345.0087411, "payload": [-1579, 2258, 635, -990, -8694, 347], "label": 1}
{"timestamp": 1688697345.024279, "payload": [-949, 1761, 779, -788, -8400, -163], "label": 1}
{"timestamp": 1688697345.024287, "payload": [-251, 1334, 1316, -395, -7986, -917], "label": 1}
{"timestamp": 1688697345.0391831, "payload": [35, 1318, 1802, -195, -7830, -1232], "label": 1}
{"timestamp": 1688697345.083296, "payload": [277, 1358, 2340, 70, -7700, -1569], "label": 1}
{"timestamp": 1688697345.083812, "payload": [21, 1450, 2459, 325, -7685, -1834], "label": 1}
{"timestamp": 1688697345.0998452, "payload": [-748, 1844, 2264, 645, -7869, -2093], "label": 1}
{"timestamp": 1688697345.144029, "payload": [-3155, 4575, 425, -7, -8035, -2220], "label": 1}
{"timestamp": 1688697345.158935, "payload": [-2756, 5197, 1680, -677, -8436, -1437], "label": 1}
{"timestamp": 1688697345.1911528, "payload": [-2322, 5049, 2138, -607, -9014, -1098], "label": 1}
{"timestamp": 1688697345.204048, "payload": [-2445, 4936, 1438, -210, -9227, -1076], "label": 1}
{"timestamp": 1688697345.204053, "payload": [-2596, 4932, 605, 32, -9275, -1073], "label": 1}
{"timestamp": 1688697345.234389, "payload": [-2380, 5365, -1273, -196, -8329, -1195], "label": 1}
{"timestamp": 1688697345.263703, "payload": [-2984, 5491, -755, -970, -7374, -942], "label": 1}
{"timestamp": 1688697345.2786582, "payload": [-3153, 5086, 1074, -1292, -7361, -431], "label": 1}
{"timestamp": 1688697345.323173, "payload": [-2804, 4143, 2941, -1400, -7834, -89], "label": 1}
{"timestamp": 1688697345.323319, "payload": [-2865, 3015, 2525, -445, -9264, -415], "label": 1}
{"timestamp": 1688697345.353038, "payload": [-2217, 2549, -220, -378, -8274, -479], "label": 1}
{"timestamp": 1688697345.383577, "payload": [-2091, 2104, -1374, -784, -6059, -1151], "label": 1}
{"timestamp": 1688697345.399169, "payload": [-2943, 2250, 98, -1456, -5746, -1251], "label": 1}
{"timestamp": 1688697345.429682, "payload": [-3022, 1937, 2067, -2317, -6114, -776], "label": 1}
{"timestamp": 1688697345.459432, "payload": [-2601, 527, 3370, -2174, -7033, -1265], "label": 1}
{"timestamp": 1688697345.474286, "payload": [-1357, -403, 4238, -2226, -7150, -1723], "label": 1}
{"timestamp": 1688697345.504145, "payload": [-2021, -252, 1970, -1552, -8781, -2238], "label": 1}
{"timestamp": 1688697345.519059, "payload": [-1326, 246, 67, -2141, -6693, -2544], "label": 1}
{"timestamp": 1688697345.533948, "payload": [-1573, 380, 70, -2154, -6495, -2728], "label": 1}
{"timestamp": 1688697345.550051, "payload": [-1942, 603, 195, -2151, -6177, -3075], "label": 1}
{"timestamp": 1688697345.5656698, "payload": [-2406, 798, 450, -2346, -6132, -3071], "label": 1}
{"timestamp": 1688697345.579597, "payload": [-2879, 768, 1022, -2876, -6517, -2734], "label": 1}
{"timestamp": 1688697345.5940669, "payload": [-2876, -100, 1398, -3077, -7937, -2400], "label": 1}
{"timestamp": 1688697345.654304, "payload": [-679, 597, 1333, -2563, -6808, -3519], "label": 1}
{"timestamp": 1688697345.6839979, "payload": [-829, 868, 1698, -2849, -7251, -3160], "label": 1}
{"timestamp": 1688697345.6982489, "payload": [-818, 627, 1489, -2823, -7732, -2998], "label": 1}
{"timestamp": 1688697345.698251, "payload": [-841, 389, 1114, -2631, -8028, -3042], "label": 1}
{"timestamp": 1688697345.713274, "payload": [-551, 204, 269, -2307, -8050, -3163], "label": 1}
{"timestamp": 1688697345.728269, "payload": [-275, 177, -211, -2187, -7463, -3356], "label": 1}
{"timestamp": 1688697345.774066, "payload": [-586, 1003, -736, -1757, -7078, -3752], "label": 1}
{"timestamp": 1688697345.803434, "payload": [-326, 846, -604, -1538, -6373, -3842], "label": 1}
{"timestamp": 1688697345.8332129, "payload": [-750, 832, -538, -974, -6808, -4264], "label": 1}
{"timestamp": 1688697345.8486972, "payload": [-16, 1915, -1784, -125, -8177, -4678], "label": 1}
{"timestamp": 1688697345.878626, "payload": [473, 2873, -3578, 281, -6249, -5619], "label": 1}
{"timestamp": 1688697345.894399, "payload": [1387, 5727, -3861, 192, -7455, -4701], "label": 1}
{"timestamp": 1688697345.925802, "payload": [1877, 4508, -2756, -1537, -6529, -2839], "label": 1}
{"timestamp": 1688697345.953088, "payload": [3964, 998, 260, -2140, -7136, -2327], "label": 1}
{"timestamp": 1688697345.967833, "payload": [8781, -3423, 2814, -2334, -9069, -1840], "label": 1}
{"timestamp": 1688697345.999058, "payload": [11667, -3952, 3647, -2979, -7166, -66], "label": 1}
{"timestamp": 1688697346.0133529, "payload": [11387, -4344, 3818, -2571, -8954, -1200], "label": 1}
{"timestamp": 1688697346.043113, "payload": [7745, -3088, 2386, -2168, -3705, -2226], "label": 1}
{"timestamp": 1688697346.073259, "payload": [-174, -3500, 4220, -1599, -4825, -963], "label": 1}
{"timestamp": 1688697346.088049, "payload": [-4531, -1292, 4968, -968, -7024, -1738], "label": 1}
{"timestamp": 1688697346.132311, "payload": [-5599, 562, 2931, -1713, -8305, -1109], "label": 1}
{"timestamp": 1688697346.14994, "payload": [-3156, 100, 923, -2728, -7921, -1068], "label": 1}
{"timestamp": 1688697346.178495, "payload": [-2313, -231, 1177, -2544, -7658, -1394], "label": 1}
{"timestamp": 1688697346.194164, "payload": [-1626, -526, 1392, -2381, -7566, -1772], "label": 1}
{"timestamp": 1688697346.209694, "payload": [-1349, -794, 1390, -2343, -7621, -1836], "label": 1}
{"timestamp": 1688697346.2097, "payload": [-1228, -1055, 1092, -2036, -7722, -2083], "label": 1}
{"timestamp": 1688697346.239004, "payload": [-543, -514, 220, -2219, -7797, -2093], "label": 1}
{"timestamp": 1688697346.283542, "payload": [-58, 153, -167, -2319, -7467, -2219], "label": 1}
{"timestamp": 1688697346.3421671, "payload": [459, 158, -221, -2180, -7863, -2193], "label": 1}
{"timestamp": 1688697346.342168, "payload": [1022, 175, -441, -2299, -8353, -1960], "label": 1}
{"timestamp": 1688697346.3587048, "payload": [1576, 70, -657, -2673, -8919, -1669], "label": 1}
{"timestamp": 1688697346.358942, "payload": [3204, -544, -814, -2933, -10269, -1133], "label": 1}
{"timestamp": 1688697346.373638, "payload": [5134, -975, -1110, -2822, -10431, -1060], "label": 1}
{"timestamp": 1688697346.388549, "payload": [9119, -1749, -807, -3789, -9878, -562], "label": 1}
{"timestamp": 1688697346.403405, "payload": [13838, -3799, 638, -3453, -10398, -348], "label": 1}
{"timestamp": 1688697346.4481878, "payload": [19099, -5324, 1377, -4047, -12080, 280], "label": 1}
{"timestamp": 1688697346.463069, "payload": [25635, -7422, 2278, -3161, -10402, -965], "label": 1}
{"timestamp": 1688697346.493342, "payload": [28538, -8202, 4688, -2660, -10407, 45], "label": 1}
{"timestamp": 1688697346.493564, "payload": [31515, -6999, 3157, 52, -6196, -1654], "label": 1}
{"timestamp": 1688697346.524041, "payload": [29945, -5303, 3383, -2292, -6972, 2606], "label": 1}
{"timestamp": 1688697346.568059, "payload": [32766, -5644, 2826, 707, -1851, -113], "label": 1}
{"timestamp": 1688697346.584502, "payload": [26580, -2058, -343, -1168, 1770, 2932], "label": 1}
{"timestamp": 1688697346.613934, "payload": [23026, -2845, -2528, -1993, 2153, 5174], "label": 1}
{"timestamp": 1688697346.615541, "payload": [18627, -1496, -3436, -866, 7180, 4462], "label": 1}
{"timestamp": 1688697346.6449752, "payload": [8856, -1562, -2739, -2331, 5716, 6893], "label": 1}
{"timestamp": 1688697346.688564, "payload": [5080, -1682, -2631, -1534, 3320, 6791],