{"timestamp": 1688697337.04349, "payload": [9029, -1133, 3242, -1087, -8339, 3985], "label": 1}
{"timestamp": 1688697337.0879848, "payload": [-7044, 680, -2504, -598, -10515, 4365], "label": 1}
{"timestamp": 1688697337.117959, "payload": [-2565, -270, -3548, -677, -10805, 4038], "label": 1}
{"timestamp": 1688697337.117961, "payload": [421, -1040, -3426, -436, -8271, 3082], "label": 1}
{"timestamp": 1688697337.1330109, "payload": [960, -1863, -3326, -130, -6918, 1949], "label": 1}
{"timestamp": 1688697337.1618402, "payload": [740, -2368, -2459, 1126, -5328, 236], "label": 1}
{"timestamp": 1688697337.178188, "payload": [41, -1811, -1522, 1694, -4908, -333], "label": 1}
{"timestamp": 1688697337.178415, "payload": [-2544, 470, 136, 1831, -5578, -361], "label": 1}
{"timestamp": 1688697337.2085729, "payload": [-5463, 2929, 1699, 1183, -7335, 147], "label": 1}
{"timestamp": 1688697337.237004, "payload": [-5710, 4343, 2525, 427, -8349, 807], "label": 1}
{"timestamp": 1688697337.2530491, "payload": [-4845, 4584, 2689, 42, -8655, 1207], "label": 1}
{"timestamp": 1688697337.2973351, "payload": [-2914, 4085, 2728, -237, -8366, 1337], "label": 1}
{"timestamp": 1688697337.2981892, "payload": [-2178, 3224, 2280, -200, -8242, 948], "label": 1}
{"timestamp": 1688697337.328202, "payload": [-2201, 2784, 896, -322, -8150, 741], "label": 1}
{"timestamp": 1688697337.358733, "payload": [-2153, 2577, 627, -620, -8100, 984], "label": 1}
{"timestamp": 1688697337.374691, "payload": [-1517, 2091, 657, -635, -8405, 1098], "label": 1}
{"timestamp": 1688697337.402997, "payload": [-616, 1414, 136, -694, -8329, 743], "label": 1}
{"timestamp": 1688697337.43221, "payload": [-324, 847, -327, -44, -7755, -72], "label": 1}
{"timestamp": 1688697337.4620218, "payload": [-806, 1151, 224, 102, -7738, -582], "label": 1}
{"timestamp": 1688697337.478038, "payload": [-960, 1241, 795, 164, -8357, -922], "label": 1}
{"timestamp": 1688697337.493684, "payload": [-904, 1168, 938, 321, -8592, -1225], "label": 1}
{"timestamp": 1688697337.493685, "payload": [-1010, 1129, 908, 743, -8882, -1935], "label": 1}
{"timestamp": 1688697337.524381, "payload": [-1449, 1971, 325, 1129, -9354, -2480], "label": 1}
{"timestamp": 1688697337.538123, "payload": [-1379, 3017, -108, 885, -8835, -2220], "label": 1}
{"timestamp": 1688697337.613045, "payload": [-1310, 4418, 1099, 492, -7735, -1667], "label": 1}
{"timestamp": 1688697337.6130471, "payload": [-1236, 4408, 1722, 736, -7050, -1866], "label": 1}
{"timestamp": 1688697337.628047, "payload": [-1347, 4573, 2221, 656, -6919, -1993], "label": 1}
{"timestamp": 1688697337.643359, "payload": [-1201, 4955, 2947, 422, -6794, -1692], "label": 1}
{"timestamp": 1688697337.657988, "payload": [-1475, 5165, 3240, 196, -7034, -1580], "label": 1}
{"timestamp": 1688697337.673047, "payload": [-1662, 5446, 3492, -153, -7460, -1146], "label": 1}
{"timestamp": 1688697337.7470348, "payload": [-2174, 4364, 3075, -1560, -8398, 151], "label": 1}
{"timestamp": 1688697337.747984, "payload": [-2112, 3343, 1656, -1712, -8736, 564], "label": 1}
{"timestamp": 1688697337.777777, "payload": [-1435, 2321, 440, -1784, -7277, 28], "label": 1}
{"timestamp": 1688697337.79524, "payload": [-1455, 2319, 1135, -2165, -6432, -208], "label": 1}
{"timestamp": 1688697337.7952409, "payload": [-1811, 2471, 2017, -2498, -6188, -148], "label": 1}
{"timestamp": 1688697337.8233018, "payload": [-3143, 1783, 3693, -2507, -7583, -26], "label": 1}
{"timestamp": 1688697337.853004, "payload": [-3140, 800, 2459, -1156, -9531, -671], "label": 1}
{"timestamp": 1688697337.867978, "payload": [-1791, 833, -639, -997, -8397, -1106], "label": 1}
{"timestamp": 1688697337.899796, "payload": [-685, 1061, -1317, -1216, -6114, -1778], "label": 1}
{"timestamp": 1688697337.9130938, "payload": [-1376, 1780, 263, -1747, -5569, -1934], "label": 1}
{"timestamp": 1688697337.943702, "payload": [-2386, 2022, 1447, -1983, -7096, -1328], "label": 1}
{"timestamp": 1688697337.973013, "payload": [-1686, 1461, 789, -2213, -7949, -1291], "label": 1}
{"timestamp": 1688697337.987968, "payload": [-1229, 1324, 85, -2411, -7808, -1581], "label": 1}
{"timestamp": 1688697338.017874, "payload": [-986, 1412, -275, -2782, -7394, -1530], "label": 1}
{"timestamp": 1688697338.0489368, "payload": [-866, 914, 156, -2854, -7558, -1630], "label": 1}
{"timestamp": 1688697338.062876, "payload": [1233, -209, -1973, -1295, -11181, -2683], "label": 1}
{"timestamp": 1688697338.094211, "payload": [7163, 730, -8015, -2789, -12558, -839], "label": 1}
{"timestamp": 1688697338.1083982, "payload": [9033, -373, -11341, -3718, -8942, 201], "label": 1}
{"timestamp": 1688697338.123373, "payload": [9140, -1073, -11213, -3314, -5433, -334], "label": 1}
{"timestamp": 1688697338.13798, "payload": [6345, -1738, -8651, -1601, -1774, -1956], "label": 1}
{"timestamp": 1688697338.168043, "payload": [-1247, -227, -3144, 341, -5047, -2965], "label": 1}
{"timestamp": 1688697338.182891, "payload": [-2913, 1788, -2687, 112, -9220, -990], "label": 1}
{"timestamp": 1688697338.242184, "payload": [6354, 584, -1763, 1378, -8335, -2163], "label": 1}
{"timestamp": 1688697338.257846, "payload": [7617, 889, -679, 1699, -6290, -2678], "label": 1}
{"timestamp": 1688697338.272809, "payload": [6996, 756, -508, 2117, -5037, -3276], "label": 1}
{"timestamp": 1688697338.28778, "payload": [3779, 1083, -788, 2462, -4011, -3238], "label": 1}
{"timestamp": 1688697338.287782, "payload": [1327, 1709, -686, 2032, -4695, -2407], "label": 1}
{"timestamp": 1688697338.302834, "payload": [-1423, 2197, -605, 1944, -6471, -1033], "label": 1}
{"timestamp": 1688697338.317864, "payload": [-2286, 3383, -320, 925, -7984, -1069], "label": 1}
{"timestamp": 1688697338.363022, "payload": [10979, 2523, 7872, -356, -11608, 686], "label": 1}
{"timestamp": 1688697338.3933618, "payload": [18702, 1251, 9680, -261, -12386, 1088], "label": 1}
{"timestamp": 1688697338.4234629, "payload": [22810, 936, 9808, -713, -9547, 1417], "label": 1}
{"timestamp": 1688697338.437969, "payload": [23651, 880, 10107, -2037, -8080, 3245], "label": 1}
{"timestamp": 1688697338.467968, "payload": [24798, -419, 10303, -2236, -6846, 4166], "label": 1}
{"timestamp": 1688697338.482976, "payload": [24564, -1895, 9685, -2164, -4956, 4806], "label": 1}
{"timestamp": 1688697338.513022, "payload": [25045, -2967, 10072, -2123, -5551, 5659], "label": 1}
{"timestamp": 1688697338.543106, "payload": [29638, -3751, 10865, -1262, -5386, 4680], "label": 1}
{"timestamp": 1688697338.558914, "payload": [31938, -3257, 10598, -261, -1073, 3089], "label": 1}
{"timestamp": 1688697338.5889988, "payload": [29516, -2812, 8891, -165, 3500, 2919], "label": 1}
{"timestamp": 1688697338.604652, "payload": [20799, -2923, 5411, -292, 8551, 3455], "label": 1}
{"timestamp": 1688697338.633162, "payload": [9628, -2722, 2051, -29, 10975, 4029], "label": 1}
{"timestamp": 1688697338.677341, "payload": [1987, -2059, 2304, -489, 6061, 5913], "label": 1}
{"timestamp": 1688697338.6781492, "payload": [1653, -1267, 2534, 364, 5421, 5919], "label": 1}
{"timestamp": 1688697338.709134, "payload": [1103, -13, 2404, 156, 5848, 6046], "label": 1}
{"timestamp": 1688697338.753558, "payload": [-3692, 540, 471, -26, 4134, 6751], "label": 1}
{"timestamp": 1688697338.768706, "payload": [-3585, 587, 363, 12, 3614, 6849], "label": 1}
{"timestamp": 1688697338.798265, "payload": [-3010, 770, 227, -41, 3376, 6970], "label": 1}
{"timestamp": 1688697338.798804, "payload": [-2576, 922, 160, -154, 3488, 7029], "label": 1}
{"timestamp": 1688697338.798809, "payload": [-2113, 1078, 89, -304, 3535, 7070], "label": 1}
{"timestamp": 1688697338.814346, "payload": [-1773, 1094, -35, -378, 3788, 7006], "label": 1}
{"timestamp": 1688697338.828492, "payload": [-1688, 1120, -380, -406, 4520, 6951], "label": 1}
{"timestamp": 1688697338.887977, "payload": [-6070, 1881, -2509, -768, 5302, 6429], "label": 1}
{"timestamp": 1688697338.917967, "payload": [-7497, 2111, -2815, -1360, 4717, 6782], "label": 1}
{"timestamp": 1688697338.9330611,