{"timestamp": 1688712960.448407, "payload": [-1103, 500, -1021, -172, -8341, -199], "label": 0}
{"timestamp": 1688712960.477629, "payload": [-1287, 507, -1509, -164, -8068, -335], "label": 0}
{"timestamp": 1688712960.493362, "payload": [-1124, 527, -1182, -74, -8004, -487], "label": 0}
{"timestamp": 1688712960.4933639, "payload": [-1059, 491, -1033, -254, -7824, -183], "label": 0}
{"timestamp": 1688712960.5232341, "payload": [-359, -252, -427, 62, -7353, -662], "label": 0}
{"timestamp": 1688712960.538723, "payload": [83, -209, -5, 281, -7128, -941], "label": 0}
{"timestamp": 1688712960.613424, "payload": [743, -81, 559, 41, -8224, -578], "label": 0}
{"timestamp": 1688712960.613426, "payload": [535, 99, 312, -68, -8164, -445], "label": 0}
{"timestamp": 1688712960.629455, "payload": [261, 176, 143, -178, -8157, -263], "label": 0}
{"timestamp": 1688712960.6449962, "payload": [-66, 93, -33, -254, -8051, -52], "label": 0}
{"timestamp": 1688712960.6597388, "payload": [-225, -39, -97, -162, -7846, -136], "label": 0}
{"timestamp": 1688712960.6740339, "payload": [-452, -76, -99, -13, -7683, -364], "label": 0}
{"timestamp": 1688712960.7341871, "payload": [-177, 9, 303, 6, -8122, -611], "label": 0}
{"timestamp": 1688712960.7502878, "payload": [-106, 51, 297, -64, -8100, -465], "label": 0}
{"timestamp": 1688712960.778868, "payload": [-147, 157, 224, -32, -8050, -451], "label": 0}
{"timestamp": 1688712960.7940412, "payload": [-259, 267, 224, -142, -7858, -337], "label": 0}
{"timestamp": 1688712960.824801, "payload": [-507, 146, 341, -121, -7859, -389], "label": 0}
{"timestamp": 1688712960.854294, "payload": [-461, 118, 307, -145, -8274, -470], "label": 0}
{"timestamp": 1688712960.869557, "payload": [-118, 18, 102, -91, -8187, -550], "label": 0}
{"timestamp": 1688712960.898926, "payload": [-28, 52, 62, -142, -7881, -460], "label": 0}
{"timestamp": 1688712960.91455, "payload": [-150, -7, 142, -147, -7989, -437], "label": 0}
{"timestamp": 1688712960.944661, "payload": [-186, -64, 162, -109, -7996, -515], "label": 0}
{"timestamp": 1688712960.988336, "payload": [-151, 14, 139, -95, -8136, -494], "label": 0}
{"timestamp": 1688712960.988825, "payload": [-50, 86, 50, -140, -7968, -492], "label": 0}
{"timestamp": 1688712961.019351, "payload": [-89, -3, 111, -169, -7983, -416], "label": 0}
{"timestamp": 1688712961.048482, "payload": [-88, -21, 125, -107, -7958, -491], "label": 0}
{"timestamp": 1688712961.063435, "payload": [-74, 32, 180, -96, -8022, -508], "label": 0}
{"timestamp": 1688712961.1084428, "payload": [-202, 60, 28, -201, -7898, -361], "label": 0}
{"timestamp": 1688712961.1380649, "payload": [-279, 14, 63, -201, -7931, -365], "label": 0}
{"timestamp": 1688712961.138536, "payload": [-314, -45, 90, -133, -7968, -454], "label": 0}
{"timestamp": 1688712961.153876, "payload": [-300, -27, 109, -118, -7979, -499], "label": 0}
{"timestamp": 1688712961.16945, "payload": [-248, -11, 148, -91, -8000, -542], "label": 0}
{"timestamp": 1688712961.169452, "payload": [-227, -13, 162, -107, -8027, -556], "label": 0}
{"timestamp": 1688712961.183531, "payload": [-191, 7, 165, -114, -8057, -520], "label": 0}
{"timestamp": 1688712961.24486, "payload": [-93, 18, -183, -142, -7792, -458], "label": 0}
{"timestamp": 1688712961.275655, "payload": [-294, 29, 38, -130, -7845, -460], "label": 0}
{"timestamp": 1688712961.288578, "payload": [-300, -10, 155, -71, -8003, -543], "label": 0}
{"timestamp": 1688712961.303366, "payload": [-274, 43, 142, -70, -8059, -572], "label": 0}
{"timestamp": 1688712961.3181498, "payload": [-240, 80, 151, -95, -8048, -535], "label": 0}
{"timestamp": 1688712961.3483331, "payload": [-219, 30, 110, -168, -8083, -437], "label": 0}
{"timestamp": 1688712961.3639748, "payload": [-133, -8, 90, -112, -7958, -558], "label": 0}
{"timestamp": 1688712961.394953, "payload": [-136, 36, 121, -114, -7954, -507], "label": 0}
{"timestamp": 1688712961.425627, "payload": [-242, 49, 117, -142, -7999, -437], "label": 0}
{"timestamp": 1688712961.4393148, "payload": [-265, 8, 127, -123, -7961, -532], "label": 0}
{"timestamp": 1688712961.4692779, "payload": [-251, 55, 178, -127, -8076, -550], "label": 0}
{"timestamp": 1688712961.484001, "payload": [-91, 82, 115, -103, -8016, -569], "label": 0}
{"timestamp": 1688712961.513351, "payload": [-142, 112, 153, -127, -7898, -522], "label": 0}
{"timestamp": 1688712961.544608, "payload": [-277, 96, 188, -198, -7935, -467], "label": 0}
{"timestamp": 1688712961.559828, "payload": [-338, 65, 201, -113, -8050, -584], "label": 0}
{"timestamp": 1688712961.5891352, "payload": [-144, 65, 100, -137, -8148, -538], "label": 0}
{"timestamp": 1688712961.604755, "payload": [-155, 52, 94, -196, -7867, -508], "label": 0}
{"timestamp": 1688712961.634193, "payload": [-255, 26, 145, -170, -8058, -563], "label": 0}
{"timestamp": 1688712961.649281, "payload": [-221, 25, 122, -128, -8133, -575], "label": 0}
{"timestamp": 1688712961.680137, "payload": [-127, 87, 71, -106, -8069, -632], "label": 0}
{"timestamp": 1688712961.680468, "payload": [-100, 52, 75, -177, -7892, -511], "label": 0}
{"timestamp": 1688712961.709911, "payload": [-164, 22, 134, -155, -7980, -539], "label": 0}
{"timestamp": 1688712961.754352, "payload": [65, 22, -205, -214, -8034, -422], "label": 0}
{"timestamp": 1688712961.783263, "payload": [-21, -70, -180, -147, -7745, -507], "label": 0}
{"timestamp": 1688712961.813484, "payload": [-52, -89, -108, -139, -7625, -454], "label": 0}
{"timestamp": 1688712961.81349, "payload": [-133, -124, 78, -84, -7530, -548], "label": 0}
{"timestamp": 1688712961.8296509, "payload": [-221, -97, 229, -76, -7708, -590], "label": 0}
{"timestamp": 1688712961.845584, "payload": [-280, -18, 376, -84, -8128, -581], "label": 0}
{"timestamp": 1688712961.875336, "payload": [-314, 95, 275, -192, -7905, -464], "label": 0}
{"timestamp": 1688712961.9185002, "payload": [-336, 156, 37, -262, -8412, -410], "label": 0}
{"timestamp": 1688712961.938762, "payload": [-579, 88, 266, -47, -7900, -657], "label": 0}
{"timestamp": 1688712961.964166, "payload": [26, 163, 73, -233, -7679, -593], "label": 0}
{"timestamp": 1688712961.979431, "payload": [-176, 93, 141, -144, -8024, -607], "label": 0}
{"timestamp": 1688712961.995306, "payload": [-147, 64, 87, -164, -8014, -578], "label": 0}
{"timestamp": 1688712962.038223, "payload": [-218, 53, 22, -179, -7963, -547], "label": 0}
{"timestamp": 1688712962.068566, "payload": [-192, 24, 82, -172, -8001, -585], "label": 0}
{"timestamp": 1688712962.098227, "payload": [-115, 19, 108, -156, -7977, -594], "label": 0}
{"timestamp": 1688712962.09862, "payload": [-125, 8, 163, -181, -8003, -623], "label": 0}
{"timestamp": 1688712962.114155, "payload": [-42, 67, 149, -202, -8175, -520], "label": 0}
{"timestamp": 1688712962.1439092, "payload": [1, -60, 47, -160, -7936, -579], "label": 0}
{"timestamp": 1688712962.172383, "payload": [-33, 15, 87, -222, -8304, -461], "label": 0}
{"timestamp": 1688712962.204094, "payload": [625, -416, -342, -184, -8551, -471], "label": 0}
{"timestamp": 1688712962.2042801, "payload": [762, -428, -450, -138, -7693, -489], "label": 0}
{"timestamp": 1688712962.263405, "payload": [190, -296, -179, -75, -7724, -379], "label": 0}
{"timestamp": 1688712962.278518, "payload": [-7, -230, -102, -90, -7788, -335], "label": 0}
{"timestamp": 1688712962.27852, "payload": [-241, -170, 18, -27, -7826, -431], "label": 0}
{"timestamp": 1688712962.310116, "payload": [-313, -90, 111, -8, -7863, -497], "label": 0}
{"timestamp": 1688712962.324428, "payload": [-324, 47, 227, 9, -7837, -523], "label": 0}
{"timestamp": 1688712962.324917, "payload": [-505, 165, 327, -14, -8116, -471], "label": 0}
{"timestamp": 1688712962.338581, "payload": [-366, 197, 259, -140, -7989, -339], "label": 0}
{"timestamp": 1688712962.3982852, "payload": [-613, 371, 183, -193, -8205, -330], "label": 0}
{"timestamp": 1688712962.427766, "payload": [-540, 149, 184, -109, -7567, -486], "label": 0}
{"timestamp": 1688712962.4589062, "payload": [-746, 174, 489, -108, -7821, -568],