{"timestamp": 1688859153.50336, "payload": [-15, 3, -5, -13, 10, 25, -27, 14, 22, -41, 10, 18, -33, 10, 5], "label": 2}
{"timestamp": 1688859153.503362, "payload": [5, -21, -5, -27, 18, 32, -42, 12, 20, -38, 7, 16, -33, 11, 4], "label": 2}
{"timestamp": 1688859153.5033631, "payload": [7, -29, -11, -18, 10, 37, -35, 7, 23, -37, 6, 18, -33, 10, 3], "label": 2}
{"timestamp": 1688859153.532209, "payload": [1, -36, -9, -14, 3, 40, -34, 6, 24, -35, 6, 19, -32, 10, 3], "label": 2}
{"timestamp": 1688859153.5322099, "payload": [-4, -42, -1, -17, -1, 37, -30, 4, 22, -31, 5, 18, -31, 9, 4], "label": 2}
{"timestamp": 1688859153.5322108, "payload": [-9, -42, 2, -11, 2, 32, -26, 1, 19, -27, 4, 17, -30, 9, 4], "label": 2}
{"timestamp": 1688859153.548325, "payload": [-11, -38, 2, -5, 5, 27, -22, 3, 18, -25, 7, 15, -29, 10, 4], "label": 2}
{"timestamp": 1688859153.5483258, "payload": [-11, -33, 1, -4, 5, 27, -20, 6, 19, -24, 8, 14, -30, 10, 3], "label": 2}
{"timestamp": 1688859153.548327, "payload": [-9, -30, -1, -7, 7, 29, -22, 6, 19, -27, 8, 15, -30, 11, 3], "label": 2}
{"timestamp": 1688859153.563315, "payload": [-6, -38, -4, -7, 0, 31, -22, 3, 19, -25, 7, 14, -30, 10, 3], "label": 2}
{"timestamp": 1688859153.5633159, "payload": [-7, -36, -1, -7, 1, 30, -21, 4, 19, -24, 7, 15, -29, 10, 4], "label": 2}
{"timestamp": 1688859153.5633159, "payload": [-9, -35, -1, -4, 2, 30, -20, 4, 20, -25, 8, 16, -30, 10, 4], "label": 2}
{"timestamp": 1688859153.578073, "payload": [-9, -35, -1, -5, 2, 30, -21, 3, 21, -26, 7, 17, -30, 11, 4], "label": 2}
{"timestamp": 1688859153.578073, "payload": [-7, -36, -2, -8, 1, 32, -23, 4, 20, -27, 7, 16, -30, 10, 3], "label": 2}
{"timestamp": 1688859153.578075, "payload": [-7, -35, -2, -9, 2, 32, -24, 4, 20, -27, 7, 16, -30, 10, 3], "label": 2}
{"timestamp": 1688859153.593122, "payload": [-7, -34, -2, -8, 3, 31, -23, 5, 20, -27, 7, 16, -30, 11, 3], "label": 2}
{"timestamp": 1688859153.593123, "payload": [-8, -34, -2, -8, 3, 31, -23, 4, 21, -27, 7, 17, -30, 11, 4], "label": 2}
{"timestamp": 1688859153.5931242, "payload": [-8, -33, -2, -8, 3, 30, -23, 4, 21, -27, 7, 17, -30, 11, 5], "label": 2}
{"timestamp": 1688859153.608236, "payload": [-7, -32, -2, -9, 4, 30, -23, 4, 21, -27, 7, 16, -30, 10, 3], "label": 2}
{"timestamp": 1688859153.608236, "payload": [-7, -31, -3, -9, 4, 30, -24, 5, 20, -27, 7, 16, -30, 10, 4], "label": 2}
{"timestamp": 1688859153.608238, "payload": [-7, -30, -3, -9, 5, 30, -24, 5, 20, -28, 7, 16, -30, 10, 4], "label": 2}
{"timestamp": 1688859153.6235871, "payload": [-7, -30, -2, -10, 5, 31, -25, 5, 20, -28, 7, 17, -31, 11, 4], "label": 2}
{"timestamp": 1688859153.623588, "payload": [-7, -31, -2, -10, 4, 31, -26, 5, 21, -29, 7, 18, -30, 11, 4], "label": 2}
{"timestamp": 1688859153.62359, "payload": [-7, -32, -3, -10, 4, 31, -26, 5, 21, -29, 7, 17, -30, 10, 3], "label": 2}
{"timestamp": 1688859153.653552, "payload": [-7, -32, -3, -10, 5, 30, -25, 5, 20, -28, 6, 16, -30, 10, 4], "label": 2}
{"timestamp": 1688859153.653554, "payload": [-7, -30, -3, -10, 5, 30, -25, 5, 20, -28, 7, 17, -30, 10, 3], "label": 2}
{"timestamp": 1688859153.653555, "payload": [-8, -29, -3, -10, 5, 29, -25, 5, 20, -29, 6, 17, -31, 10, 4], "label": 2}
{"timestamp": 1688859153.668133, "payload": [-8, -28, -4, -8, 5, 27, -23, 4, 20, -28, 6, 17, -30, 10, 3], "label": 2}
{"timestamp": 1688859153.668135, "payload": [-8, -25, -4, -5, 3, 23, -22, 4, 17, -27, 6, 16, -30, 10, 3], "label": 2}
{"timestamp": 1688859153.668136, "payload": [-7, -22, -4, -7, 3, 26, -20, 1, 18, -25, 6, 16, -30, 11, 4], "label": 2}
{"timestamp": 1688859153.683211, "payload": [-7, -21, -4, -9, 2, 25, -22, 1, 19, -26, 5, 17, -30, 10, 4], "label": 2}
{"timestamp": 1688859153.683213, "payload": [-6, -24, -5, -10, 3, 31, -25, 4, 21, -28, 5, 18, -30, 10, 4], "label": 2}
{"timestamp": 1688859153.6832142, "payload": [-5, -28, -6, -12, 2, 31, -25, 3, 21, -28, 5, 18, -30, 10, 3], "label": 2}
{"timestamp": 1688859153.698234, "payload": [-7, -22, -6, -3, 0, 18, -14, 2, 14, -18, 5, 13, -28, 9, 6], "label": 2}
{"timestamp": 1688859153.6982348, "payload": [-9, -20, -2, -1, -1, 13, -10, 2, 11, -18, 3, 13, -27, 7, 5], "label": 2}
{"timestamp": 1688859153.698236, "payload": [-10, -16, -2, 3, 1, 6, -5, 1, 6, -15, 2, 9, -24, 6, 4], "label": 2}
{"timestamp": 1688859153.7131038, "payload": [-10, -10, -3, 4, 2, 1, -2, 1, 3, -11, 1, 7, -22, 5, 4], "label": 2}
{"timestamp": 1688859153.7131038, "payload": [-9, -2, -6, 5, 1, -3, -1, 0, 1, -10, 0, 7, -20, 4, 4], "label": 2}
{"timestamp": 1688859153.713108, "payload": [-7, 6, -8, 4, -1, -5, 0, -1, -2, -10, -1, 6, -22, 3, 5], "label": 2}
{"timestamp": 1688859153.730412, "payload": [-6, 12, -9, 6, -1, -7, 2, -2, -3, -9, -1, 5, -20, 3, 5], "label": 2}
{"timestamp": 1688859153.7304142, "payload": [-7, 13, -10, 6, 0, -10, 4, -1, -2, -8, 0, 6, -22, 2, 7], "label": 2}
{"timestamp": 1688859153.730419, "payload": [-9, 13, -10, 6, -2, -12, 4, -2, -2, -7, -3, 6, -21, 2, 17], "label": 2}
{"timestamp": 1688859153.743401, "payload": [-8, 20, -21, -42, -4, 146, -34, -34, 70, -42, -11, 67, -58, 9, 6], "label": 2}
{"timestamp": 1688859153.7434042, "payload": [16, -9, -41, -62, 5, 60, -156, 12, 30, -98, -5, 23, -72, 34, 30], "label": 2}
{"timestamp": 1688859153.743405, "payload": [29, -49, -53, -5, -3, 23, -40, 21, 33, -40, 19, 26, -45, 19, 13], "label": 2}
{"timestamp": 1688859153.759864, "payload": [14, -77, -44, 16, -14, 17, 34, -8, 16, 15, 9, 14, -24, 3, 13], "label": 2}
{"timestamp": 1688859153.759866, "payload": [-11, -73, -21, 2, -9, -8, -14, -13, -11, -18, -16, 6, -19, -6, 1], "label": 2}
{"timestamp": 1688859153.7598689, "payload": [-27, -47, 1, 12, -9, -9, 18, -10, -7, 4, -10, 0, -11, -6, 5], "label": 2}
{"timestamp": 1688859153.775579, "payload": [-43, -12, 20, -2, -10, 3, -1, -9, 3, 4, -4, 6, -18, -4, 7], "label": 2}
{"timestamp": 1688859153.775587, "payload": [-52, 19, 9, -7, -5, 6, -20, -3, 12, -23, -6, 20, -33, 4, 12], "label": 2}
{"timestamp": 1688859153.77559, "payload": [-31, 10, -12, -3, -8, -4, -3, -2, 2, -21, -5, 14, -18, 14, 9], "label": 2}
{"timestamp": 1688859153.789005, "payload": [-9, -13, -35, -37, -19, 49, -51, -20, 29, -38, -15, 35, -38, 9, 18], "label": 2}
{"timestamp": 1688859153.7890098, "payload": [-6, -28, -42, -30, -19, 41, -52, -14, 21, -47, -13, 29, -41, 7, 13], "label": 2}
{"timestamp": 1688859153.789013, "payload": [-5, -43, -46, -28, -23, 34, -36, -18, 18, -27, -12, 25, -30, 2, 14], "label": 2}
{"timestamp": 1688859153.805483, "payload": [-9, -50, -42, -26, -26, 33, -33, -22, 17, -21, -18, 24, -27, -6, 14], "label": 2}
{"timestamp": 1688859153.805484, "payload": [-17, -50, -34, -26, -28, 30, -34, -25, 14, -23, -21, 24, -28, -11, 15], "label": 2}
{"timestamp": 1688859153.8054888, "payload": [-22, -46, -29, -28, -29, 33, -36, -28, 15, -27, -9, 22, -39, -30, 23], "label": 2}
{"timestamp": 1688859153.8188632, "payload": [-26, -43, -24, -22, -21, 25, -33, -22, 10, -22, -24, 22, -33, -14, 12], "label": 2}
{"timestamp": 1688859153.8188648, "payload": [-31, -44, -22, -36, -26, 36, -37, -23, 15, -24, -19, 23, -26, -9, 14], "label": 2}
{"timestamp": 1688859153.81887, "payload": [-32, -45, -20, -33, -20, 32, -38, -19, 16, -28, -17, 26, -33, -5, 15], "label": 2}
{"timestamp": 1688859153.833868, "payload": [-28, -46, -22, -40, -19, 43, -44, -19, 19, -31, -17, 27, -34, -4, 16], "label": 2}
{"timestamp": 1688859153.833869, "payload": [-17, -44, -30, -40, -24, 44, -51, -21, 21, -38, -19, 30, -149, -11, 4], "label": 2}
{"timestamp": 1688859153.833874, "payload": [-8, -41, -34, -39, -26, 42, -48, -25, 20, -34, -23, 33, -42, -10, 17], "label": 2}
{"timestamp": 1688859153.84883, "payload": [-9, -40, -35, -45, -21, 43, -53, -28, 20, -33, -25, 30, -25, -10, 19], "label": 2}
{"timestamp": 1688859153.848835, "payload": [-14, -38, -39, -39, -26, 42, -47, -23, 20, -32, -22, 29, -30, -10, 19], "label": 2}
{"timestamp": 1688859153.848843, "payload": [-18, -36, -36, -35, -19, 35, -43, -26, 18, -28, -21, 26, -26, -10, 20], "label": 2}
{"timestamp": 1688859153.863332,