{"timestamp": 1688859153.503361, "payload": [-1148, -2278, -1149, 583, -3215, -1686], "label": 2}
{"timestamp": 1688859153.503362, "payload": [-3146, -2644, -1166, 2697, -5921, -3119], "label": 2}
{"timestamp": 1688859153.503362, "payload": [-3751, -1209, -1733, 1711, -7662, -3297], "label": 2}
{"timestamp": 1688859153.532209, "payload": [-4488, -275, -2248, 210, -9096, -1575], "label": 2}
{"timestamp": 1688859153.5322099, "payload": [-4392, -36, -2297, -912, -9759, 242], "label": 2}
{"timestamp": 1688859153.5322108, "payload": [-3208, -8, -2194, -1674, -9434, 799], "label": 2}
{"timestamp": 1688859153.5322108, "payload": [-1847, -34, -2222, -2014, -8495, 510], "label": 2}
{"timestamp": 1688859153.5483258, "payload": [-980, -178, -2131, -1918, -7460, -129], "label": 2}
{"timestamp": 1688859153.548327, "payload": [-796, -290, -2045, -1779, -6862, -603], "label": 2}
{"timestamp": 1688859153.548327, "payload": [-1199, -49, -2162, -1661, -7344, -1353], "label": 2}
{"timestamp": 1688859153.563314, "payload": [-1686, 293, -1245, -1240, -8508, -598], "label": 2}
{"timestamp": 1688859153.563315, "payload": [-1238, 363, -1031, -1652, -8143, -444], "label": 2}
{"timestamp": 1688859153.5633159, "payload": [-1082, 273, -776, -1617, -8106, -429], "label": 2}
{"timestamp": 1688859153.578072, "payload": [-938, 164, -545, -1307, -8287, -634], "label": 2}
{"timestamp": 1688859153.5780742, "payload": [-707, 150, -356, -1034, -8261, -820], "label": 2}
{"timestamp": 1688859153.5780742, "payload": [-482, 248, -252, -1063, -8124, -839], "label": 2}
{"timestamp": 1688859153.593122, "payload": [-374, 375, -189, -1242, -7937, -718], "label": 2}
{"timestamp": 1688859153.593123, "payload": [-295, 440, -115, -1347, -7789, -633], "label": 2}
{"timestamp": 1688859153.5931242, "payload": [-188, 426, -80, -1244, -7606, -722], "label": 2}
{"timestamp": 1688859153.608234, "payload": [-76, 423, -72, -1100, -7354, -901], "label": 2}
{"timestamp": 1688859153.6082351, "payload": [-35, 443, -86, -1012, -7091, -1115], "label": 2}
{"timestamp": 1688859153.608237, "payload": [-154, 517, -132, -1038, -6956, -1144], "label": 2}
{"timestamp": 1688859153.608237, "payload": [-434, 603, -229, -1041, -7037, -1023], "label": 2}
{"timestamp": 1688859153.623588, "payload": [-725, 682, -387, -1001, -7263, -944], "label": 2}
{"timestamp": 1688859153.623589, "payload": [-886, 733, -607, -947, -7409, -950], "label": 2}
{"timestamp": 1688859153.62359, "payload": [-904, 767, -824, -952, -7348, -992], "label": 2}
{"timestamp": 1688859153.653553, "payload": [-870, 827, -1001, -1076, -7085, -1038], "label": 2}
{"timestamp": 1688859153.653553, "payload": [-922, 871, -1184, -1163, -6788, -1208], "label": 2}
{"timestamp": 1688859153.653554, "payload": [-1164, 840, -1413, -1188, -6556, -1257], "label": 2}
{"timestamp": 1688859153.668134, "payload": [-1438, 747, -1704, -1201, -6107, -1387], "label": 2}
{"timestamp": 1688859153.668134, "payload": [-1789, 588, -1948, -1237, -5380, -1582], "label": 2}
{"timestamp": 1688859153.668136, "payload": [-2453, 443, -2065, -1218, -4939, -1726], "label": 2}
{"timestamp": 1688859153.68321, "payload": [-3409, 300, -2087, -1100, -5063, -1797], "label": 2}
{"timestamp": 1688859153.683212, "payload": [-4424, 137, -1962, -854, -5834, -1933], "label": 2}
{"timestamp": 1688859153.683212, "payload": [-5190, 34, -1813, -554, -6675, -1911], "label": 2}
{"timestamp": 1688859153.6982331, "payload": [-5319, 952, -731, -1067, -4889, -1811], "label": 2}
{"timestamp": 1688859153.6982331, "payload": [-5754, 1037, -498, -1673, -4345, -981], "label": 2}
{"timestamp": 1688859153.6982348, "payload": [-5821, 778, -88, -2022, -3400, -621], "label": 2}
{"timestamp": 1688859153.713103, "payload": [-5614, 420, 565, -2192, -2069, -917], "label": 2}
{"timestamp": 1688859153.713103, "payload": [-5487, 6, 1519, -2019, -280, -1713], "label": 2}
{"timestamp": 1688859153.713105, "payload": [-5807, -283, 2642, -1721, 1585, -2512], "label": 2}
{"timestamp": 1688859153.7131069, "payload": [-6875, -316, 3825, -1599, 3004, -3065], "label": 2}
{"timestamp": 1688859153.730409, "payload": [-8620, -190, 5094, -1538, 3542, -3291], "label": 2}
{"timestamp": 1688859153.730411, "payload": [-10384, 104, 6482, -1791, 3537, -3326], "label": 2}
{"timestamp": 1688859153.730418, "payload": [-11759, 347, 7871, -2029, 4020, -4702], "label": 2}
{"timestamp": 1688859153.743402, "payload": [-14747, -856, 8630, 1028, 2668, -10526], "label": 2}
{"timestamp": 1688859153.743403, "payload": [-22320, -2950, 8607, 5769, -6225, -13543], "label": 2}
{"timestamp": 1688859153.7434042, "payload": [-27093, -796, 9067, 7291, -13779, -13804], "label": 2}
{"timestamp": 1688859153.743405, "payload": [-27360, 5045, 7736, 2848, -18353, -8005], "label": 2}
{"timestamp": 1688859153.759865, "payload": [-22195, 9653, 5361, -2013, -16452, -2387], "label": 2}
{"timestamp": 1688859153.759867, "payload": [-15461, 11161, 3063, -6487, -10125, 2414], "label": 2}
{"timestamp": 1688859153.759868, "payload": [-9979, 10372, 2937, -11182, -2196, 5416], "label": 2}
{"timestamp": 1688859153.7755818, "payload": [-7671, 6808, 5356, -12596, 4190, 919], "label": 2}
{"timestamp": 1688859153.775585, "payload": [-10456, 1707, 8202, -7703, 2785, -4145], "label": 2}
{"timestamp": 1688859153.7755919, "payload": [-14539, -765, 8858, -2832, -1520, -4247], "label": 2}
{"timestamp": 1688859153.789002, "payload": [-17828, 1460, 9776, -1072, -5177, -10950], "label": 2}
{"timestamp": 1688859153.789006, "payload": [-20309, 1747, 9144, -647, -8679, -11635], "label": 2}
{"timestamp": 1688859153.789008, "payload": [-21046, 3270, 8777, -1169, -11189, -10937], "label": 2}
{"timestamp": 1688859153.80548, "payload": [-19738, 5101, 8320, -2170, -12103, -9153], "label": 2}
{"timestamp": 1688859153.805486, "payload": [-17501, 6319, 7366, -3815, -11617, -7664], "label": 2}
{"timestamp": 1688859153.8054872, "payload": [-15339, 6469, 6553, -5020, -10876, -6334], "label": 2}
{"timestamp": 1688859153.818859, "payload": [-13671, 5921, 6175, -5801, -10233, -5607], "label": 2}
{"timestamp": 1688859153.818862, "payload": [-12427, 4861, 5810, -6887, -10356, -5159], "label": 2}
{"timestamp": 1688859153.818868, "payload": [-11204, 3071, 5586, -7030, -10637, -4630], "label": 2}
{"timestamp": 1688859153.8338618, "payload": [-9925, 1275, 5240, -6013, -10922, -5356], "label": 2}
{"timestamp": 1688859153.833866, "payload": [-8739, 546, 4427, -3624, -10525, -7422], "label": 2}
{"timestamp": 1688859153.8338711, "payload": [-7869, 916, 3455, -1483, -9923, -8671], "label": 2}
{"timestamp": 1688859153.8338728, "payload": [-7349, 1966, 2356, -1197, -9547, -9009], "label": 2}
{"timestamp": 1688859153.848832, "payload": [-7101, 2926, 1215, -2184, -9250, -9699], "label": 2}
{"timestamp": 1688859153.848834, "payload": [-6989, 3473, 185, -3269, -8756, -9557], "label": 2}
{"timestamp": 1688859153.848841, "payload": [-6859, 3630, -582, -3975, -8340, -8821], "label": 2}
{"timestamp": 1688859153.8633332, "payload": [-6785, 3632, -1024, -4575, -8393, -8003], "label": 2}
{"timestamp": 1688859153.863334, "payload": [-6544, 3456, -1274, -5156, -8537, -7423], "label": 2}
{"timestamp": 1688859153.863335, "payload": [-5887, 2852, -1466, -5817, -8311, -6935], "label": 2}
{"timestamp": 1688859153.8633358, "payload": [-4831, 1833, -1503, -6725, -7118, -6542], "label": 2}
