{"timestamp": 1688859153.50336, "payload": [-1148, -2278, -1149, 583, -3215, -1686, -15, 3, -5, -13, 10, 25, -27, 14, 22, -41, 10, 18, -33, 10, 5], "label": 2}
{"timestamp": 1688859153.503362, "payload": [-3146, -2644, -1166, 2697, -5921, -3119, 5, -21, -5, -27, 18, 32, -42, 12, 20, -38, 7, 16, -33, 11, 4], "label": 2}
{"timestamp": 1688859153.5033631, "payload": [-3146, -2644, -1166, 2697, -5921, -3119, 7, -29, -11, -18, 10, 37, -35, 7, 23, -37, 6, 18, -33, 10, 3], "label": 2}
{"timestamp": 1688859153.532209, "payload": [-4488, -275, -2248, 210, -9096, -1575, 1, -36, -9, -14, 3, 40, -34, 6, 24, -35, 6, 19, -32, 10, 3], "label": 2}
{"timestamp": 1688859153.5322099, "payload": [-4392, -36, -2297, -912, -9759, 242, -4, -42, -1, -17, -1, 37, -30, 4, 22, -31, 5, 18, -31, 9, 4], "label": 2}
{"timestamp": 1688859153.5322108, "payload": [-3208, -8, -2194, -1674, -9434, 799, -9, -42, 2, -11, 2, 32, -26, 1, 19, -27, 4, 17, -30, 9, 4], "label": 2}
{"timestamp": 1688859153.548325, "payload": [-980, -178, -2131, -1918, -7460, -129, -11, -38, 2, -5, 5, 27, -22, 3, 18, -25, 7, 15, -29, 10, 4], "label": 2}
{"timestamp": 1688859153.5483258, "payload": [-980, -178, -2131, -1918, -7460, -129, -11, -33, 1, -4, 5, 27, -20, 6, 19, -24, 8, 14, -30, 10, 3], "label": 2}
{"timestamp": 1688859153.548327, "payload": [-796, -290, -2045, -1779, -6862, -603, -9, -30, -1, -7, 7, 29, -22, 6, 19, -27, 8, 15, -30, 11, 3], "label": 2}
{"timestamp": 1688859153.563315, "payload": [-1238, 363, -1031, -1652, -8143, -444, -6, -38, -4, -7, 0, 31, -22, 3, 19, -25, 7, 14, -30, 10, 3], "label": 2}
{"timestamp": 1688859153.5633159, "payload": [-1082, 273, -776, -1617, -8106, -429, -7, -36, -1, -7, 1, 30, -21, 4, 19, -24, 7, 15, -29, 10, 4], "label": 2}
{"timestamp": 1688859153.5633159, "payload": [-1082, 273, -776, -1617, -8106, -429, -9, -35, -1, -4, 2, 30, -20, 4, 20, -25, 8, 16, -30, 10, 4], "label": 2}
{"timestamp": 1688859153.578073, "payload": [-938, 164, -545, -1307, -8287, -634, -9, -35, -1, -5, 2, 30, -21, 3, 21, -26, 7, 17, -30, 11, 4], "label": 2}
{"timestamp": 1688859153.578073, "payload": [-938, 164, -545, -1307, -8287, -634, -7, -36, -2, -8, 1, 32, -23, 4, 20, -27, 7, 16, -30, 10, 3], "label": 2}
{"timestamp": 1688859153.578075, "payload": [-707, 150, -356, -1034, -8261, -820, -7, -35, -2, -9, 2, 32, -24, 4, 20, -27, 7, 16, -30, 10, 3], "label": 2}
{"timestamp": 1688859153.593122, "payload": [-374, 375, -189, -1242, -7937, -718, -7, -34, -2, -8, 3, 31, -23, 5, 20, -27, 7, 16, -30, 11, 3], "label": 2}
{"timestamp": 1688859153.593123, "payload": [-295, 440, -115, -1347, -7789, -633, -8, -34, -2, -8, 3, 31, -23, 4, 21, -27, 7, 17, -30, 11, 4], "label": 2}
{"timestamp": 1688859153.5931242, "payload": [-188, 426, -80, -1244, -7606, -722, -8, -33, -2, -8, 3, 30, -23, 4, 21, -27, 7, 17, -30, 11, 5], "label": 2}
{"timestamp": 1688859153.608236, "payload": [-35, 443, -86, -1012, -7091, -1115, -7, -32, -2, -9, 4, 30, -23, 4, 21, -27, 7, 16, -30, 10, 3], "label": 2}
{"timestamp": 1688859153.608236, "payload": [-35, 443, -86, -1012, -7091, -1115, -7, -31, -3, -9, 4, 30, -24, 5, 20, -27, 7, 16, -30, 10, 4], "label": 2}
{"timestamp": 1688859153.608238, "payload": [-154, 517, -132, -1038, -6956, -1144, -7, -30, -3, -9, 5, 30, -24, 5, 20, -28, 7, 16, -30, 10, 4], "label": 2}
{"timestamp": 1688859153.6235871, "payload": [-725, 682, -387, -1001, -7263, -944, -7, -30, -2, -10, 5, 31, -25, 5, 20, -28, 7, 17, -31, 11, 4], "label": 2}
{"timestamp": 1688859153.623588, "payload": [-725, 682, -387, -1001, -7263, -944, -7, -31, -2, -10, 4, 31, -26, 5, 21, -29, 7, 18, -30, 11, 4], "label": 2}
{"timestamp": 1688859153.62359, "payload": [-904, 767, -824, -952, -7348, -992, -7, -32, -3, -10, 4, 31, -26, 5, 21, -29, 7, 17, -30, 10, 3], "label": 2}
{"timestamp": 1688859153.653552, "payload": [-870, 827, -1001, -1076, -7085, -1038, -7, -32, -3, -10, 5, 30, -25, 5, 20, -28, 6, 16, -30, 10, 4], "label": 2}
{"timestamp": 1688859153.653554, "payload": [-1164, 840, -1413, -1188, -6556, -1257, -7, -30, -3, -10, 5, 30, -25, 5, 20, -28, 7, 17, -30, 10, 3], "label": 2}
{"timestamp": 1688859153.653555, "payload": [-1164, 840, -1413, -1188, -6556, -1257, -8, -29, -3, -10, 5, 29, -25, 5, 20, -29, 6, 17, -31, 10, 4], "label": 2}
{"timestamp": 1688859153.668133, "payload": [-1438, 747, -1704, -1201, -6107, -1387, -8, -28, -4, -8, 5, 27, -23, 4, 20, -28, 6, 17, -30, 10, 3], "label": 2}
{"timestamp": 1688859153.668135, "payload": [-1438, 747, -1704, -1201, -6107, -1387, -8, -25, -4, -5, 3, 23, -22, 4, 17, -27, 6, 16, -30, 10, 3], "label": 2}
{"timestamp": 1688859153.668136, "payload": [-2453, 443, -2065, -1218, -4939, -1726, -7, -22, -4, -7, 3, 26, -20, 1, 18, -25, 6, 16, -30, 11, 4], "label": 2}
{"timestamp": 1688859153.683211, "payload": [-4424, 137, -1962, -854, -5834, -1933, -7, -21, -4, -9, 2, 25, -22, 1, 19, -26, 5, 17, -30, 10, 4], "label": 2}
{"timestamp": 1688859153.683213, "payload": [-4424, 137, -1962, -854, -5834, -1933, -6, -24, -5, -10, 3, 31, -25, 4, 21, -28, 5, 18, -30, 10, 4], "label": 2}
{"timestamp": 1688859153.6832142, "payload": [-4424, 137, -1962, -854, -5834, -1933, -5, -28, -6, -12, 2, 31, -25, 3, 21, -28, 5, 18, -30, 10, 3], "label": 2}
{"timestamp": 1688859153.698234, "payload": [-5821, 778, -88, -2022, -3400, -621, -7, -22, -6, -3, 0, 18, -14, 2, 14, -18, 5, 13, -28, 9, 6], "label": 2}
{"timestamp": 1688859153.6982348, "payload": [-5821, 778, -88, -2022, -3400, -621, -9, -20, -2, -1, -1, 13, -10, 2, 11, -18, 3, 13, -27, 7, 5], "label": 2}
{"timestamp": 1688859153.698236, "payload": [-5821, 778, -88, -2022, -3400, -621, -10, -16, -2, 3, 1, 6, -5, 1, 6, -15, 2, 9, -24, 6, 4], "label": 2}
{"timestamp": 1688859153.7131038, "payload": [-5614, 420, 565, -2192, -2069, -917, -10, -10, -3, 4, 2, 1, -2, 1, 3, -11, 1, 7, -22, 5, 4], "label": 2}
{"timestamp": 1688859153.7131038, "payload": [-5614, 420, 565, -2192, -2069, -917, -9, -2, -6, 5, 1, -3, -1, 0, 1, -10, 0, 7, -20, 4, 4], "label": 2}
{"timestamp": 1688859153.713108, "payload": [-6875, -316, 3825, -1599, 3004, -3065, -7, 6, -8, 4, -1, -5, 0, -1, -2, -10, -1, 6, -22, 3, 5], "label": 2}
{"timestamp": 1688859153.730412, "payload": [-10384, 104, 6482, -1791, 3537, -3326, -6, 12, -9, 6, -1, -7, 2, -2, -3, -9, -1, 5, -20, 3, 5], "label": 2}
{"timestamp": 1688859153.7304142, "payload": [-10384, 104, 6482, -1791, 3537, -3326, -7, 13, -10, 6, 0, -10, 4, -1, -2, -8, 0, 6, -22, 2, 7], "label": 2}
{"timestamp": 1688859153.730419, "payload": [-11759, 347, 7871, -2029, 4020, -4702, -9, 13, -10, 6, -2, -12, 4, -2, -2, -7, -3, 6, -21, 2, 17], "label": 2}
{"timestamp": 1688859153.743401, "payload": [-14747, -856, 8630, 1028, 2668, -10526, -8, 20, -21, -42, -4, 146, -34, -34, 70, -42, -11, 67, -58, 9, 6], "label": 2}
{"timestamp": 1688859153.7434042, "payload": [-27093, -796, 9067, 7291, -13779, -13804, 16, -9, -41, -62, 5, 60, -156, 12, 30, -98, -5, 23, -72, 34, 30], "label": 2}
{"timestamp": 1688859153.743405, "payload": [-27360, 5045, 7736, 2848, -18353, -8005, 29, -49, -53, -5, -3, 23, -40, 21, 33, -40, 19, 26, -45, 19, 13], "label": 2}
{"timestamp": 1688859153.759864, "payload": [-22195, 9653, 5361, -2013, -16452, -2387, 14, -77, -44, 16, -14, 17, 34, -8, 16, 15, 9, 14, -24, 3, 13], "label": 2}
{"timestamp": 1688859153.759866, "payload": [-22195, 9653, 5361, -2013, -16452, -2387, -11, -73, -21, 2, -9, -8, -14, -13, -11, -18, -16, 6, -19, -6, 1], "label": 2}
{"timestamp": 1688859153.7598689, "payload": [-9979, 10372, 2937, -11182, -2196, 5416, -27, -47, 1, 12, -9, -9, 18, -10, -7, 4, -10, 0, -11, -6, 5], "label": 2}
{"timestamp": 1688859153.775579, "payload": [-7671, 6808, 5356, -12596, 4190, 919, -43, -12, 20, -2, -10, 3, -1, -9, 3, 4, -4, 6, -18, -4, 7], "label": 2}
{"timestamp": 1688859153.775587, "payload": [-10456, 1707, 8202, -7703, 2785, -4145, -52, 19, 9, -7, -5, 6, -20, -3, 12, -23, -6, 20, -33, 4, 12], "label": 2}
{"timestamp": 1688859153.77559,