{"timestamp": 1688697351.293354, "payload": [-297, -2269, 1542, 629, -8251, 386], "label": 1}
{"timestamp": 1688697351.323188, "payload": [-2680, -48, -680, 197, -9684, 1382], "label": 1}
{"timestamp": 1688697351.338068, "payload": [-2351, 800, -2620, -676, -10516, 2428], "label": 1}
{"timestamp": 1688697351.382197, "payload": [-335, 422, -3520, -563, -8960, 2083], "label": 1}
{"timestamp": 1688697351.3833642, "payload": [340, 337, -2615, -662, -6265, 1387], "label": 1}
{"timestamp": 1688697351.414169, "payload": [-2666, 951, -787, 170, -5353, 452], "label": 1}
{"timestamp": 1688697351.428573, "payload": [-3861, 1624, 58, 325, -5483, 419], "label": 1}
{"timestamp": 1688697351.443145, "payload": [-5580, 2784, 1247, 207, -6142, 511], "label": 1}
{"timestamp": 1688697351.443146, "payload": [-6346, 3483, 1784, -1, -6865, 682], "label": 1}
{"timestamp": 1688697351.458121, "payload": [-6829, 4293, 2136, -300, -7959, 950], "label": 1}
{"timestamp": 1688697351.4881952, "payload": [-5532, 4622, 1579, -740, -8857, 1520], "label": 1}
{"timestamp": 1688697351.54829, "payload": [-609, 2356, 531, -286, -7868, 703], "label": 1}
{"timestamp": 1688697351.579146, "payload": [486, 1847, 534, -347, -6709, 523], "label": 1}
{"timestamp": 1688697351.5791519, "payload": [587, 1476, 1250, -337, -6506, 378], "label": 1}
{"timestamp": 1688697351.593812, "payload": [837, 1150, 1842, -272, -6727, 306], "label": 1}
{"timestamp": 1688697351.622386, "payload": [1333, 660, 2539, -41, -6832, -44], "label": 1}
{"timestamp": 1688697351.623404, "payload": [1273, 439, 2747, 166, -6842, -470], "label": 1}
{"timestamp": 1688697351.668225, "payload": [-2494, 1750, 3796, 577, -8443, -2973], "label": 1}
{"timestamp": 1688697351.698494, "payload": [-3228, 3342, 3212, 294, -10273, -2671], "label": 1}
{"timestamp": 1688697351.714161, "payload": [-3046, 4370, 1775, 422, -10634, -2797], "label": 1}
{"timestamp": 1688697351.743745, "payload": [-1354, 5573, 504, 137, -10160, -2653], "label": 1}
{"timestamp": 1688697351.7587829, "payload": [-835, 6211, -133, -131, -8604, -2551], "label": 1}
{"timestamp": 1688697351.789397, "payload": [-1709, 7415, 1115, -1084, -7955, -1389], "label": 1}
{"timestamp": 1688697351.819366, "payload": [-2975, 6988, 1525, -1031, -8901, -828], "label": 1}
{"timestamp": 1688697351.83406, "payload": [-2885, 6793, -298, -1152, -9355, -243], "label": 1}
{"timestamp": 1688697351.864341, "payload": [-3066, 6057, -2419, -2299, -7897, 270], "label": 1}
{"timestamp": 1688697351.879339, "payload": [-3727, 4898, -1624, -2263, -7551, 354], "label": 1}
{"timestamp": 1688697351.909021, "payload": [-3182, 3917, -1071, -1666, -7727, 379], "label": 1}
{"timestamp": 1688697351.9390342, "payload": [-2071, 2660, -700, -1191, -7036, -150], "label": 1}
{"timestamp": 1688697351.95421, "payload": [-645, 1895, 387, -1098, -6279, -197], "label": 1}
{"timestamp": 1688697351.98477, "payload": [173, 719, 1587, -1998, -5637, 109], "label": 1}
{"timestamp": 1688697352.000014, "payload": [384, -1131, 3372, -2012, -5547, -573], "label": 1}
{"timestamp": 1688697352.058508, "payload": [-1920, -486, 1842, -2216, -7470, -581], "label": 1}
{"timestamp": 1688697352.074356, "payload": [-1866, -840, 1169, -2547, -7601, -711], "label": 1}
{"timestamp": 1688697352.074363, "payload": [-1373, -1275, 846, -2818, -7008, -1153], "label": 1}
{"timestamp": 1688697352.08897, "payload": [-1589, -1107, 1318, -2978, -6487, -1462], "label": 1}
{"timestamp": 1688697352.104118, "payload": [-2928, -759, 2211, -3016, -6900, -1629], "label": 1}
{"timestamp": 1688697352.11922, "payload": [-3301, -144, 2231, -3534, -8913, -1014], "label": 1}
{"timestamp": 1688697352.194189, "payload": [-68, -1049, -464, -2668, -7365, -2295], "label": 1}
{"timestamp": 1688697352.208689, "payload": [-564, -585, 72, -2490, -6565, -2522], "label": 1}
{"timestamp": 1688697352.2388558, "payload": [-1293, -537, 482, -2540, -7451, -2264], "label": 1}
{"timestamp": 1688697352.253261, "payload": [-1441, -432, 47, -2520, -8204, -2132], "label": 1}
{"timestamp": 1688697352.253262, "payload": [-1078, -301, -374, -2575, -8311, -2029], "label": 1}
{"timestamp": 1688697352.283477, "payload": [246, -436, -850, -2785, -8252, -1725], "label": 1}
{"timestamp": 1688697352.3148859, "payload": [3714, -4677, -2373, -3356, -9017, -196], "label": 1}
{"timestamp": 1688697352.3281002, "payload": [6006, -6882, -3267, -2096, -8080, -1678], "label": 1}
{"timestamp": 1688697352.358142, "payload": [3474, -4788, -1913, -1328, -5750, -3200], "label": 1}
{"timestamp": 1688697352.3732522, "payload": [1335, -2650, -541, -1192, -6499, -2793], "label": 1}
{"timestamp": 1688697352.403164, "payload": [-161, -1167, 73, -1071, -6562, -2791], "label": 1}
{"timestamp": 1688697352.433436, "payload": [-1323, 892, 660, -1307, -7530, -2420], "label": 1}
{"timestamp": 1688697352.4482298, "payload": [-1233, 1677, 775, -1661, -8204, -1928], "label": 1}
{"timestamp": 1688697352.478154, "payload": [-1158, 2369, 467, -1975, -7733, -1806], "label": 1}
{"timestamp": 1688697352.508088, "payload": [-1703, 2062, 753, -1874, -7672, -1844], "label": 1}
{"timestamp": 1688697352.523087, "payload": [-1639, 2046, 774, -1724, -7759, -1910], "label": 1}
{"timestamp": 1688697352.553192, "payload": [-2196, 2327, 457, -1379, -7804, -2274], "label": 1}
{"timestamp": 1688697352.5682418, "payload": [-2326, 3237, 127, -1385, -7725, -2170], "label": 1}
{"timestamp": 1688697352.5836108, "payload": [-2135, 3497, 36, -1480, -7512, -2269], "label": 1}
{"timestamp": 1688697352.598722, "payload": [-2073, 3664, 73, -1496, -7080, -2523], "label": 1}
{"timestamp": 1688697352.6295612, "payload": [-2332, 3813, 359, -1460, -7504, -2517], "label": 1}
{"timestamp": 1688697352.644243, "payload": [-2695, 3640, -462, -863, -8048, -3421], "label": 1}
{"timestamp": 1688697352.7053618, "payload": [549, 2390, -2633, -1261, -6445, -2622], "label": 1}
{"timestamp": 1688697352.734177, "payload": [-1275, 1677, -1577, -1094, -6668, -3230], "label": 1}
{"timestamp": 1688697352.7492769, "payload": [-2252, 1464, -1494, -357, -6676, -4009], "label": 1}
{"timestamp": 1688697352.749283, "payload": [-2847, 2447, -698, -520, -6889, -3399], "label": 1}
{"timestamp": 1688697352.764642, "payload": [-2052, 3417, 97, -1067, -7995, -1717], "label": 1}
{"timestamp": 1688697352.7803452, "payload": [-927, 3422, -108, -1329, -7694, -1390], "label": 1}
{"timestamp": 1688697352.824426, "payload": [-3352, 3968, -581, -1751, -7241, -2472], "label": 1}
{"timestamp": 1688697352.839214, "payload": [-2124, 1352, -238, -1128, -8531, -2452], "label": 1}
{"timestamp": 1688697352.883765, "payload": [-396, 799, -367, -330, -7889, -3564], "label": 1}
{"timestamp": 1688697352.912322, "payload": [508, 1014, -83, -584, -6625, -3055], "label": 1}
{"timestamp": 1688697352.9282172, "payload": [92, 479, 755, -534, -5284, -3132], "label": 1}
{"timestamp": 1688697352.94304, "payload": [-1313, -618, 2119, -624, -7866, -2910], "label": 1}
{"timestamp": 1688697352.958614, "payload": [126, -1233, 919, -361, -8450, -3437], "label": 1}
{"timestamp": 1688697353.002429, "payload": [1404, -1113, 382, -600, -7401, -3497], "label": 1}
{"timestamp": 1688697353.018005, "payload": [1061, -1063, 1064, -451, -6631, -3904], "label": 1}
{"timestamp": 1688697353.048231, "payload": [398, -1129, 1771, -843, -7463, -3387], "label": 1}
{"timestamp": 1688697353.063639, "payload": [236, -1927, 831, -1402, -9549, -2166], "label": 1}
{"timestamp": 1688697353.093347, "payload": [2528, -2432, 397, -863, -7694, -3549], "label": 1}
{"timestamp": 1688697353.1220639, "payload": [2298, -1895, 236, -820, -7088, -3642], "label": 1}
{"timestamp": 1688697353.138232, "payload": [1370, -1261, 502, -862, -7413, -3264], "label": 1}
{"timestamp": 1688697353.1683881, "payload": [2073, -970, 763, -1188, -8034, -2671], "label": 1}
{"timestamp": 1688697353.199094, "payload": [5984, -1257, 1319, -2154, -9577, -1607], "label": 1}
{"timestamp": 1688697353.213483, "payload": [7368, -1802, 1646, -2452, -9289, -1526],