{"timestamp": 1688696998.283059, "payload": [2, -28, 7, -8, -4, 33, -2, 2, 50, -1, 51, 52, -21, 62, 28], "label": 0}
{"timestamp": 1688696998.312992, "payload": [0, -44, 13, -30, 4, 60, -17, -18, 64, -4, 30, 27, -4, 31, 22], "label": 0}
{"timestamp": 1688696998.312994, "payload": [-3, -46, 15, -27, 0, 54, -7, -11, 49, 0, 28, 21, -4, 26, 21], "label": 0}
{"timestamp": 1688696998.327637, "payload": [0, -43, 13, -13, -9, 36, 5, -3, 28, 2, 26, 21, -4, 21, 21], "label": 0}
{"timestamp": 1688696998.356736, "payload": [0, -40, 10, -3, -10, 24, 10, -1, 22, 5, 24, 19, -3, 29, 25], "label": 0}
{"timestamp": 1688696998.403248, "payload": [4, -20, 7, -6, 8, 32, 5, 5, 33, 2, 33, 16, -2, 29, 19], "label": 0}
{"timestamp": 1688696998.433202, "payload": [4, -29, 10, -6, 0, 32, 5, -1, 31, 7, 29, 12, 7, 18, -4], "label": 0}
{"timestamp": 1688696998.433205, "payload": [2, -32, 12, -6, 0, 31, 4, -3, 30, 5, 18, 9, 13, 12, -5], "label": 0}
{"timestamp": 1688696998.4483478, "payload": [0, -34, 15, -6, 1, 32, 4, -7, 30, 7, 15, 9, 14, 11, -4], "label": 0}
{"timestamp": 1688696998.4632719, "payload": [0, -35, 15, -6, 0, 32, 5, -7, 29, 6, 17, 12, 11, 19, 3], "label": 0}
{"timestamp": 1688696998.4937248, "payload": [1, -34, 10, -4, -6, 31, 5, -3, 31, 2, 27, 25, -5, 24, 34], "label": 0}
{"timestamp": 1688696998.55354, "payload": [2, -40, 3, -8, -6, 33, 3, -5, 29, 3, 20, 19, 4, 19, 20], "label": 0}
{"timestamp": 1688696998.5684512, "payload": [2, -41, 4, -6, -9, 29, 4, -5, 27, 3, 19, 18, 2, 18, 19], "label": 0}
{"timestamp": 1688696998.584554, "payload": [6, -41, 1, -3, -6, 27, 3, -3, 25, 2, 19, 17, 1, 17, 18], "label": 0}
{"timestamp": 1688696998.613201, "payload": [-21, -19, 26, -15, -46, 40, -2, 0, 26, -2, 22, 20, -3, 21, 19], "label": 0}
{"timestamp": 1688696998.6288111, "payload": [-7, -45, 6, -6, 5, 28, -17, 1, 39, -12, 30, 28, -13, 18, 28], "label": 0}
{"timestamp": 1688696998.65771, "payload": [5, -30, 2, -12, 9, 34, -16, -1, 40, -15, 28, 32, -17, 26, 32], "label": 0}
{"timestamp": 1688696998.672538, "payload": [6, -33, 2, -11, 6, 29, -11, 0, 31, -10, 25, 22, -11, 21, 23], "label": 0}
{"timestamp": 1688696998.70315, "payload": [7, -30, 1, -9, 5, 24, -8, 1, 24, -6, 18, 13, -5, 14, 13], "label": 0}
{"timestamp": 1688696998.7334259, "payload": [5, -27, 4, -8, 7, 24, -10, -2, 26, -11, 17, 17, -13, 15, 15], "label": 0}
{"timestamp": 1688696998.748833, "payload": [4, -29, 4, -13, 4, 26, -14, 0, 27, -16, 20, 19, -18, 18, 17], "label": 0}
{"timestamp": 1688696998.778501, "payload": [2, -37, 6, -25, 0, 30, -24, 0, 29, -23, 22, 19, -24, 22, 15], "label": 0}
{"timestamp": 1688696998.808759, "payload": [1, -43, 6, -30, 4, 34, -28, 1, 33, -27, 25, 21, -26, 24, 18], "label": 0}
{"timestamp": 1688696998.809311, "payload": [2, -35, 3, -24, 6, 26, -24, 5, 28, -26, 24, 19, -28, 22, 16], "label": 0}
{"timestamp": 1688696998.853791, "payload": [-1, -35, 4, -26, 0, 30, -21, 1, 26, -23, 19, 15, -23, 19, 11], "label": 0}
{"timestamp": 1688696998.868478, "payload": [1, -36, 4, -23, 5, 25, -22, 5, 25, -24, 21, 14, -24, 21, 12], "label": 0}
{"timestamp": 1688696998.89761, "payload": [1, -34, 5, -23, 5, 25, -18, 6, 23, -23, 20, 12, -24, 18, 10], "label": 0}
{"timestamp": 1688696998.927757, "payload": [0, -33, 7, -20, 7, 23, -21, 6, 25, -24, 20, 13, -25, 19, 10], "label": 0}
{"timestamp": 1688696998.9426508, "payload": [2, -26, 7, -21, 10, 22, -22, 6, 24, -25, 19, 11, -23, 19, 8], "label": 0}
{"timestamp": 1688696998.957751, "payload": [3, -33, 5, -24, 4, 24, -24, 7, 24, -26, 20, 11, -26, 20, 9], "label": 0}
{"timestamp": 1688696998.9728289, "payload": [2, -29, 6, -23, 6, 24, -23, 7, 23, -26, 21, 11, -25, 19, 9], "label": 0}
{"timestamp": 1688696999.047626, "payload": [2, -35, 6, -25, 7, 23, -25, 6, 23, -27, 19, 11, -25, 21, 8], "label": 0}
{"timestamp": 1688696999.077864, "payload": [1, -34, 6, -25, 7, 23, -25, 6, 24, -26, 19, 11, -24, 19, 8], "label": 0}
{"timestamp": 1688696999.0935318, "payload": [3, -34, 6, -24, 6, 23, -24, 7, 22, -26, 19, 12, -26, 19, 9], "label": 0}
{"timestamp": 1688696999.108921, "payload": [1, -35, 6, -25, 6, 23, -25, 6, 23, -26, 19, 11, -25, 20, 8], "label": 0}
{"timestamp": 1688696999.1233752, "payload": [1, -35, 6, -24, 6, 22, -23, 6, 22, -25, 20, 11, -24, 20, 8], "label": 0}
{"timestamp": 1688696999.1533, "payload": [2, -34, 6, -23, 6, 22, -23, 6, 22, -24, 19, 11, -24, 19, 8], "label": 0}
{"timestamp": 1688696999.183511, "payload": [2, -34, 6, -25, 7, 23, -24, 6, 23, -26, 19, 11, -25, 20, 8], "label": 0}
{"timestamp": 1688696999.227499, "payload": [2, -35, 6, -25, 6, 23, -24, 6, 23, -26, 19, 11, -25, 19, 8], "label": 0}
{"timestamp": 1688696999.243659, "payload": [1, -34, 6, -23, 6, 22, -22, 6, 22, -24, 19, 11, -24, 19, 8], "label": 0}
{"timestamp": 1688696999.316847, "payload": [1, -33, 6, -23, 6, 22, -22, 6, 22, -24, 19, 11, -24, 19, 8], "label": 0}
{"timestamp": 1688696999.316972, "payload": [2, -34, 6, -24, 7, 23, -24, 6, 23, -26, 19, 11, -25, 20, 8], "label": 0}
{"timestamp": 1688696999.317003, "payload": [2, -34, 7, -23, 6, 22, -22, 6, 22, -25, 19, 10, -24, 20, 8], "label": 0}
{"timestamp": 1688696999.347761, "payload": [1, -34, 7, -22, 7, 21, -21, 6, 21, -24, 19, 10, -23, 19, 8], "label": 0}
{"timestamp": 1688696999.37709, "payload": [2, -34, 6, -21, 9, 22, -24, 2, 24, -20, 16, 10, -25, 14, 3], "label": 0}
{"timestamp": 1688696999.393951, "payload": [0, -26, 7, -29, 8, 26, -27, 2, 26, -26, 18, 12, -24, 17, 7], "label": 0}
{"timestamp": 1688696999.407949, "payload": [2, -35, 6, -24, 8, 20, -25, 6, 22, -27, 19, 11, -26, 18, 8], "label": 0}
{"timestamp": 1688696999.423396, "payload": [2, -34, 7, -26, 5, 22, -25, 6, 21, -25, 18, 10, -24, 19, 8], "label": 0}
{"timestamp": 1688696999.453451, "payload": [3, -30, 6, -25, 6, 21, -24, 5, 21, -26, 17, 11, -24, 18, 7], "label": 0}
{"timestamp": 1688696999.4986482, "payload": [3, -32, 6, -24, 6, 20, -24, 6, 21, -26, 18, 10, -25, 19, 8], "label": 0}
{"timestamp": 1688696999.5285592, "payload": [2, -34, 7, -27, 6, 21, -26, 6, 21, -27, 18, 10, -25, 19, 7], "label": 0}
{"timestamp": 1688696999.543944, "payload": [3, -33, 7, -26, 5, 20, -25, 5, 20, -26, 17, 10, -25, 19, 8], "label": 0}
{"timestamp": 1688696999.5738811, "payload": [2, -34, 7, -27, 6, 21, -26, 6, 21, -27, 17, 11, -25, 18, 8], "label": 0}
{"timestamp": 1688696999.589076, "payload": [3, -34, 7, -27, 6, 20, -26, 6, 21, -27, 17, 11, -26, 18, 8], "label": 0}
{"timestamp": 1688696999.618496, "payload": [2, -34, 7, -27, 7, 21, -27, 6, 21, -28, 18, 11, -26, 19, 8], "label": 0}
{"timestamp": 1688696999.6185029, "payload": [2, -34, 7, -27, 6, 20, -26, 6, 21, -27, 17, 11, -25, 19, 8], "label": 0}
{"timestamp": 1688696999.6345432, "payload": [2, -33, 7, -26, 6, 20, -25, 6, 21, -27, 18, 11, -25, 19, 7], "label": 0}
{"timestamp": 1688696999.718018, "payload": [2, -34, 7, -25, 7, 21, -25, 6, 21, -26, 18, 10, -25, 19, 8], "label": 0}
{"timestamp": 1688696999.737211, "payload": [1, -34, 7, -26, 6, 21, -25, 6, 21, -26, 18, 10, -25, 19, 8], "label": 0}
{"timestamp": 1688696999.737215, "payload": [2, -35, 6, -26, 6, 20, -25, 6, 21, -27, 18, 11, -26, 19, 8], "label": 0}
{"timestamp": 1688696999.782978, "payload": [2, -34, 6, -26, 6, 20, -25, 6, 21, -26, 18, 11, -25, 19, 8], "label": 0}
{"timestamp": 1688696999.798006, "payload": [1, -35, 7, -25, 6, 20, -24, 6, 21, -26, 17, 11, -25, 19, 7], "label": 0}
{"timestamp": 1688696999.827727, "payload": [2, -38, 5, -33, 6, 23, -26, 6, 22, -26, 19, 10, -25, 20, 8], "label": 0}
{"timestamp": 1688696999.856747, "payload": [1, -35, 6, -25, 5, 21, -24, 6, 21, -26, 18, 10, -24, 19, 7], "label": 0}
{"timestamp": 1688696999.8732858, "payload": [1, -34, 6, -25, 5, 21, -24, 6, 22, -26, 18, 11, -25, 19, 8], "label": 0}
{"timestamp": 1688696999.9200718, "payload": [2, -34, 6, -24, 4, 22, -23, 7, 22, -26, 18, 11, -25, 19, 8], "label": 0}
{"timestamp": 1688696999.920227, "payload": [1, -35, 7, -22, 5, 21, -21, 6, 21, -24, 18, 10, -24, 18, 8], "label": 0}
{"timestamp": 1688696999.947675,