{"timestamp": 1688696998.283059, "payload": [-651, -221, 32, 1777, -8871, 1751, 2, -28, 7, -8, -4, 33, -2, 2, 50, -1, 51, 52, -21, 62, 28], "label": 0}
{"timestamp": 1688696998.312992, "payload": [-651, -221, 32, 1777, -8871, 1751, 0, -44, 13, -30, 4, 60, -17, -18, 64, -4, 30, 27, -4, 31, 22], "label": 0}
{"timestamp": 1688696998.312994, "payload": [-651, -221, 32, 1777, -8871, 1751, -3, -46, 15, -27, 0, 54, -7, -11, 49, 0, 28, 21, -4, 26, 21], "label": 0}
{"timestamp": 1688696998.327637, "payload": [-651, -221, 32, 1777, -8871, 1751, 0, -43, 13, -13, -9, 36, 5, -3, 28, 2, 26, 21, -4, 21, 21], "label": 0}
{"timestamp": 1688696998.356736, "payload": [980, 781, -4928, 857, -8153, 1622, 0, -40, 10, -3, -10, 24, 10, -1, 22, 5, 24, 19, -3, 29, 25], "label": 0}
{"timestamp": 1688696998.403248, "payload": [-3709, 739, 118, 1664, -5904, 1595, 4, -20, 7, -6, 8, 32, 5, 5, 33, 2, 33, 16, -2, 29, 19], "label": 0}
{"timestamp": 1688696998.433202, "payload": [-3709, 739, 118, 1664, -5904, 1595, 4, -29, 10, -6, 0, 32, 5, -1, 31, 7, 29, 12, 7, 18, -4], "label": 0}
{"timestamp": 1688696998.433205, "payload": [-3709, 739, 118, 1664, -5904, 1595, 2, -32, 12, -6, 0, 31, 4, -3, 30, 5, 18, 9, 13, 12, -5], "label": 0}
{"timestamp": 1688696998.4483478, "payload": [-3709, 739, 118, 1664, -5904, 1595, 0, -34, 15, -6, 1, 32, 4, -7, 30, 7, 15, 9, 14, 11, -4], "label": 0}
{"timestamp": 1688696998.4632719, "payload": [-2853, 822, 1398, 900, -8234, 2906, 0, -35, 15, -6, 0, 32, 5, -7, 29, 6, 17, 12, 11, 19, 3], "label": 0}
{"timestamp": 1688696998.4937248, "payload": [-2075, -126, 1166, 1345, -7465, 1021, 1, -34, 10, -4, -6, 31, 5, -3, 31, 2, 27, 25, -5, 24, 34], "label": 0}
{"timestamp": 1688696998.55354, "payload": [-4294, 1092, 1071, 1555, -9158, 191, 2, -40, 3, -8, -6, 33, 3, -5, 29, 3, 20, 19, 4, 19, 20], "label": 0}
{"timestamp": 1688696998.5684512, "payload": [-4294, 1092, 1071, 1555, -9158, 191, 2, -41, 4, -6, -9, 29, 4, -5, 27, 3, 19, 18, 2, 18, 19], "label": 0}
{"timestamp": 1688696998.584554, "payload": [1172, 6107, -1881, 740, -8169, 1569, 6, -41, 1, -3, -6, 27, 3, -3, 25, 2, 19, 17, 1, 17, 18], "label": 0}
{"timestamp": 1688696998.613201, "payload": [1172, 6107, -1881, 740, -8169, 1569, -21, -19, 26, -15, -46, 40, -2, 0, 26, -2, 22, 20, -3, 21, 19], "label": 0}
{"timestamp": 1688696998.6288111, "payload": [-2330, -1526, -1447, 1670, -12058, 2776, -7, -45, 6, -6, 5, 28, -17, 1, 39, -12, 30, 28, -13, 18, 28], "label": 0}
{"timestamp": 1688696998.65771, "payload": [4303, -4097, -363, 2484, -7450, -184, 5, -30, 2, -12, 9, 34, -16, -1, 40, -15, 28, 32, -17, 26, 32], "label": 0}
{"timestamp": 1688696998.672538, "payload": [828, -2943, -1473, 2032, -7416, 100, 6, -33, 2, -11, 6, 29, -11, 0, 31, -10, 25, 22, -11, 21, 23], "label": 0}
{"timestamp": 1688696998.70315, "payload": [12, -2029, -1400, 2289, -7526, 23, 7, -30, 1, -9, 5, 24, -8, 1, 24, -6, 18, 13, -5, 14, 13], "label": 0}
{"timestamp": 1688696998.7334259, "payload": [450, -564, 978, 1739, -5856, 602, 5, -27, 4, -8, 7, 24, -10, -2, 26, -11, 17, 17, -13, 15, 15], "label": 0}
{"timestamp": 1688696998.748833, "payload": [-81, -308, 2450, 1604, -6380, 753, 4, -29, 4, -13, 4, 26, -14, 0, 27, -16, 20, 19, -18, 18, 17], "label": 0}
{"timestamp": 1688696998.778501, "payload": [-1224, 196, 3020, 1502, -7787, 900, 2, -37, 6, -25, 0, 30, -24, 0, 29, -23, 22, 19, -24, 22, 15], "label": 0}
{"timestamp": 1688696998.808759, "payload": [-7, 1085, 761, 1167, -8747, 972, 1, -43, 6, -30, 4, 34, -28, 1, 33, -27, 25, 21, -26, 24, 18], "label": 0}
{"timestamp": 1688696998.809311, "payload": [-7, 1085, 761, 1167, -8747, 972, 2, -35, 3, -24, 6, 26, -24, 5, 28, -26, 24, 19, -28, 22, 16], "label": 0}
{"timestamp": 1688696998.853791, "payload": [433, 193, -225, 1123, -8003, 725, -1, -35, 4, -26, 0, 30, -21, 1, 26, -23, 19, 15, -23, 19, 11], "label": 0}
{"timestamp": 1688696998.868478, "payload": [433, 193, -225, 1123, -8003, 725, 1, -36, 4, -23, 5, 25, -22, 5, 25, -24, 21, 14, -24, 21, 12], "label": 0}
{"timestamp": 1688696998.89761, "payload": [1543, -82, -286, 907, -8305, 1279, 1, -34, 5, -23, 5, 25, -18, 6, 23, -23, 20, 12, -24, 18, 10], "label": 0}
{"timestamp": 1688696998.927757, "payload": [1594, 317, -1375, 182, -8542, 1872, 0, -33, 7, -20, 7, 23, -21, 6, 25, -24, 20, 13, -25, 19, 10], "label": 0}
{"timestamp": 1688696998.9426508, "payload": [1594, 317, -1375, 182, -8542, 1872, 2, -26, 7, -21, 10, 22, -22, 6, 24, -25, 19, 11, -23, 19, 8], "label": 0}
{"timestamp": 1688696998.957751, "payload": [1594, 317, -1375, 182, -8542, 1872, 3, -33, 5, -24, 4, 24, -24, 7, 24, -26, 20, 11, -26, 20, 9], "label": 0}
{"timestamp": 1688696998.9728289, "payload": [16, 6, -346, 1356, -7465, 1297, 2, -29, 6, -23, 6, 24, -23, 7, 23, -26, 21, 11, -25, 19, 9], "label": 0}
{"timestamp": 1688696999.047626, "payload": [-595, 384, 230, 1435, -7830, 1162, 2, -35, 6, -25, 7, 23, -25, 6, 23, -27, 19, 11, -25, 21, 8], "label": 0}
{"timestamp": 1688696999.077864, "payload": [-595, 384, 230, 1435, -7830, 1162, 1, -34, 6, -25, 7, 23, -25, 6, 24, -26, 19, 11, -24, 19, 8], "label": 0}
{"timestamp": 1688696999.0935318, "payload": [-339, -23, -58, 1133, -8072, 1325, 3, -34, 6, -24, 6, 23, -24, 7, 22, -26, 19, 12, -26, 19, 9], "label": 0}
{"timestamp": 1688696999.108921, "payload": [-339, -23, -58, 1133, -8072, 1325, 1, -35, 6, -25, 6, 23, -25, 6, 23, -26, 19, 11, -25, 20, 8], "label": 0}
{"timestamp": 1688696999.1233752, "payload": [-339, -23, -58, 1133, -8072, 1325, 1, -35, 6, -24, 6, 22, -23, 6, 22, -25, 20, 11, -24, 20, 8], "label": 0}
{"timestamp": 1688696999.1533, "payload": [-55, -29, -8, 1142, -7867, 1289, 2, -34, 6, -23, 6, 22, -23, 6, 22, -24, 19, 11, -24, 19, 8], "label": 0}
{"timestamp": 1688696999.183511, "payload": [-154, 4, 160, 1290, -7870, 1270, 2, -34, 6, -25, 7, 23, -24, 6, 23, -26, 19, 11, -25, 20, 8], "label": 0}
{"timestamp": 1688696999.227499, "payload": [148, -301, -75, 1251, -7992, 1266, 2, -35, 6, -25, 6, 23, -24, 6, 23, -26, 19, 11, -25, 19, 8], "label": 0}
{"timestamp": 1688696999.243659, "payload": [148, -301, -75, 1251, -7992, 1266, 1, -34, 6, -23, 6, 22, -22, 6, 22, -24, 19, 11, -24, 19, 8], "label": 0}
{"timestamp": 1688696999.316847, "payload": [-83, 107, 267, 1293, -7546, 1205, 1, -33, 6, -23, 6, 22, -22, 6, 22, -24, 19, 11, -24, 19, 8], "label": 0}
{"timestamp": 1688696999.316972, "payload": [-137, 20, 295, 1245, -8043, 1353, 2, -34, 6, -24, 7, 23, -24, 6, 23, -26, 19, 11, -25, 20, 8], "label": 0}
{"timestamp": 1688696999.317003, "payload": [-137, 20, 295, 1245, -8043, 1353, 2, -34, 7, -23, 6, 22, -22, 6, 22, -25, 19, 10, -24, 20, 8], "label": 0}
{"timestamp": 1688696999.347761, "payload": [-592, 484, 169, 1137, -7768, 1446, 1, -34, 7, -22, 7, 21, -21, 6, 21, -24, 19, 10, -23, 19, 8], "label": 0}
{"timestamp": 1688696999.37709, "payload": [-214, 212, 399, 1092, -8181, 1431, 2, -34, 6, -21, 9, 22, -24, 2, 24, -20, 16, 10, -25, 14, 3], "label": 0}
{"timestamp": 1688696999.393951, "payload": [394, -600, -268, 1278, -9070, 1383, 0, -26, 7, -29, 8, 26, -27, 2, 26, -26, 18, 12, -24, 17, 7], "label": 0}
{"timestamp": 1688696999.407949, "payload": [394, -600, -268, 1278, -9070, 1383, 2, -35, 6, -24, 8, 20, -25, 6, 22, -27, 19, 11, -26, 18, 8], "label": 0}
{"timestamp": 1688696999.423396, "payload": [1817, -968, -796, 1235, -7725, 1323, 2, -34, 7, -26, 5, 22, -25, 6, 21, -25, 18, 10, -24, 19, 8], "label": 0}
{"timestamp": 1688696999.453451, "payload": [930, -912, -754, 1308, -8119, 1651, 3, -30, 6, -25, 6, 21, -24, 5, 21, -26, 17, 11, -24, 18, 7], "label": 0}
{"timestamp": 1688696999.4986482, "payload": [85, -329, 108, 1263, -7766, 1664, 3, -32, 6, -24, 6, 20, -24, 6, 21, -26, 18, 10, -25, 19, 8], "label": 0}
{"timestamp": 1688696999.5285592, "payload": [-386, -231, 103, 1292, -7911, 1689, 2, -34, 7, -27, 6, 21, -26, 6, 21, -27, 18, 10, -25, 19, 7], "label": 0}
{"timestamp": 1688696999.543944, "payload": [-322, -281, 235, 1517, -7699, 1396, 3, -33, 7, -26, 5, 20, -25, 5, 20, -26, 17, 10, -25, 19, 8], "label": 0}
{"timestamp": 1688696999.5738811,