{"timestamp": 1688696998.2976792, "payload": [-651, -221, 32, 1777, -8871, 1751], "label": 0}
{"timestamp": 1688696998.372849, "payload": [980, 781, -4928, 857, -8153, 1622], "label": 0}
{"timestamp": 1688696998.3730052, "payload": [2185, 219, -4918, 1052, -5625, 532], "label": 0}
{"timestamp": 1688696998.3880682, "payload": [1879, 602, -3521, 1274, -4915, 583], "label": 0}
{"timestamp": 1688696998.3880699, "payload": [811, 796, -1631, 1200, -3762, 850], "label": 0}
{"timestamp": 1688696998.418273, "payload": [-3709, 739, 118, 1664, -5904, 1595], "label": 0}
{"timestamp": 1688696998.4784808, "payload": [-2853, 822, 1398, 900, -8234, 2906], "label": 0}
{"timestamp": 1688696998.5082638, "payload": [-2075, -126, 1166, 1345, -7465, 1021], "label": 0}
{"timestamp": 1688696998.508267, "payload": [-2681, -546, 1149, 1938, -7337, -195], "label": 0}
{"timestamp": 1688696998.523914, "payload": [-3343, -215, 1264, 2029, -7791, -521], "label": 0}
{"timestamp": 1688696998.538542, "payload": [-3977, 618, 1306, 1726, -8538, -273], "label": 0}
{"timestamp": 1688696998.5535328, "payload": [-4294, 1092, 1071, 1555, -9158, 191], "label": 0}
{"timestamp": 1688696998.597972, "payload": [1172, 6107, -1881, 740, -8169, 1569], "label": 0}
{"timestamp": 1688696998.628809, "payload": [-2330, -1526, -1447, 1670, -12058, 2776], "label": 0}
{"timestamp": 1688696998.657424, "payload": [4303, -4097, -363, 2484, -7450, -184], "label": 0}
{"timestamp": 1688696998.672537, "payload": [828, -2943, -1473, 2032, -7416, 100], "label": 0}
{"timestamp": 1688696998.6880481, "payload": [12, -2029, -1400, 2289, -7526, 23], "label": 0}
{"timestamp": 1688696998.718422, "payload": [450, -564, 978, 1739, -5856, 602], "label": 0}
{"timestamp": 1688696998.748823, "payload": [-81, -308, 2450, 1604, -6380, 753], "label": 0}
{"timestamp": 1688696998.763795, "payload": [-1224, 196, 3020, 1502, -7787, 900], "label": 0}
{"timestamp": 1688696998.7937222, "payload": [-1534, 1702, 2273, 1047, -10491, 1739], "label": 0}
{"timestamp": 1688696998.808767, "payload": [-7, 1085, 761, 1167, -8747, 972], "label": 0}
{"timestamp": 1688696998.8375502, "payload": [-418, 590, -358, 1375, -8927, 919], "label": 0}
{"timestamp": 1688696998.8684711, "payload": [433, 193, -225, 1123, -8003, 725], "label": 0}
{"timestamp": 1688696998.882714, "payload": [1543, -82, -286, 907, -8305, 1279], "label": 0}
{"timestamp": 1688696998.9127412, "payload": [1226, -133, -719, 697, -8581, 1639], "label": 0}
{"timestamp": 1688696998.927758, "payload": [1594, 317, -1375, 182, -8542, 1872], "label": 0}
{"timestamp": 1688696998.9883142, "payload": [16, 6, -346, 1356, -7465, 1297], "label": 0}
{"timestamp": 1688696999.003083, "payload": [-100, 215, -51, 1249, -7206, 1150], "label": 0}
{"timestamp": 1688696999.0030851, "payload": [-394, 75, 187, 1336, -7619, 1025], "label": 0}
{"timestamp": 1688696999.018163, "payload": [-581, 389, 239, 1513, -7729, 1171], "label": 0}
{"timestamp": 1688696999.0327868, "payload": [-890, 677, 228, 1234, -7873, 1396], "label": 0}
{"timestamp": 1688696999.033034, "payload": [-750, 623, 278, 1061, -8118, 1594], "label": 0}
{"timestamp": 1688696999.047623, "payload": [-595, 384, 230, 1435, -7830, 1162], "label": 0}
{"timestamp": 1688696999.123368, "payload": [-339, -23, -58, 1133, -8072, 1325], "label": 0}
{"timestamp": 1688696999.152799, "payload": [-55, -29, -8, 1142, -7867, 1289], "label": 0}
{"timestamp": 1688696999.1690838, "payload": [-24, 147, 71, 1179, -7692, 1305], "label": 0}
{"timestamp": 1688696999.1692522, "payload": [-128, -6, 154, 1320, -7744, 1240], "label": 0}
{"timestamp": 1688696999.169257, "payload": [-154, 4, 160, 1290, -7870, 1270], "label": 0}
{"timestamp": 1688696999.197839, "payload": [15, -281, 103, 1184, -8103, 1357], "label": 0}
{"timestamp": 1688696999.24365, "payload": [148, -301, -75, 1251, -7992, 1266], "label": 0}
{"timestamp": 1688696999.3158479, "payload": [52, 152, -19, 1231, -7718, 1298], "label": 0}
{"timestamp": 1688696999.316936, "payload": [-83, 107, 267, 1293, -7546, 1205], "label": 0}
{"timestamp": 1688696999.316973, "payload": [-137, 20, 295, 1245, -8043, 1353], "label": 0}
{"timestamp": 1688696999.318982, "payload": [-592, 484, 169, 1137, -7768, 1446], "label": 0}
{"timestamp": 1688696999.3770869, "payload": [-214, 212, 399, 1092, -8181, 1431], "label": 0}
{"timestamp": 1688696999.3776891, "payload": [-150, 112, -644, -72, -9262, 2115], "label": 0}
{"timestamp": 1688696999.394123, "payload": [394, -600, -268, 1278, -9070, 1383], "label": 0}
{"timestamp": 1688696999.423389, "payload": [1817, -968, -796, 1235, -7725, 1323], "label": 0}
{"timestamp": 1688696999.4384482, "payload": [930, -912, -754, 1308, -8119, 1651], "label": 0}
{"timestamp": 1688696999.4822311, "payload": [578, -534, -145, 1605, -7297, 1312], "label": 0}
{"timestamp": 1688696999.498655, "payload": [85, -329, 108, 1263, -7766, 1664], "label": 0}
{"timestamp": 1688696999.514176, "payload": [59, -314, 167, 1364, -7670, 1607], "label": 0}
{"timestamp": 1688696999.514281, "payload": [-386, -231, 103, 1292, -7911, 1689], "label": 0}
{"timestamp": 1688696999.543937, "payload": [-322, -281, 235, 1517, -7699, 1396], "label": 0}
{"timestamp": 1688696999.558679, "payload": [-511, 101, 229, 1168, -7946, 1660], "label": 0}
{"timestamp": 1688696999.6340601, "payload": [96, -476, 133, 1285, -7813, 1554], "label": 0}
{"timestamp": 1688696999.64906, "payload": [-669, -40, 206, 1580, -7448, 1535], "label": 0}
{"timestamp": 1688696999.663199, "payload": [-867, 431, 386, 833, -7869, 1851], "label": 0}
{"timestamp": 1688696999.6632042, "payload": [-759, 57, 452, 1474, -7611, 1440], "label": 0}
{"timestamp": 1688696999.678433, "payload": [-1176, 350, 405, 1409, -7553, 1394], "label": 0}
{"timestamp": 1688696999.693831, "payload": [-1397, 328, 398, 1329, -7623, 1435], "label": 0}
{"timestamp": 1688696999.766758, "payload": [-602, -75, 459, 1312, -7895, 1254], "label": 0}
{"timestamp": 1688696999.7830179, "payload": [-630, -2, 437, 1268, -8039, 1348], "label": 0}
{"timestamp": 1688696999.798008, "payload": [-293, -42, 400, 1262, -7867, 1241], "label": 0}
{"timestamp": 1688696999.798163, "payload": [-353, -53, 330, 1244, -7929, 1247], "label": 0}
{"timestamp": 1688696999.812955, "payload": [-343, -116, 305, 1164, -8179, 1369], "label": 0}
{"timestamp": 1688696999.856745, "payload": [-519, -273, 413, 1032, -8673, 1540], "label": 0}
{"timestamp": 1688696999.87299, "payload": [513, -389, 314, 1146, -7912, 1319], "label": 0}
{"timestamp": 1688696999.8879821, "payload": [686, -434, 450, 1209, -7517, 1159], "label": 0}
{"timestamp": 1688696999.920225, "payload": [630, -689, 539, 1125, -7959, 1356], "label": 0}
{"timestamp": 1688696999.932846, "payload": [126, -429, 124, 953, -8330, 1734], "label": 0}
{"timestamp": 1688696999.962538, "payload": [676, -584, -18, 1225, -7611, 1247], "label": 0}
{"timestamp": 1688696999.9916632, "payload": [-153, -220, -25, 1070, -7792, 1559], "label": 0}
{"timestamp": 1688697000.007512, "payload": [-108, -314, 288, 1031, -7863, 1506], "label": 0}
{"timestamp": 1688697000.037428, "payload": [-567, -323, 439, 1477, -7804, 1354], "label": 0}
{"timestamp": 1688697000.0526001, "payload": [-188, 49, 363, 913, -8171, 1663], "label": 0}
{"timestamp": 1688697000.082625, "payload": [120, -80, 266, 1149, -7741, 1421], "label": 0}
{"timestamp": 1688697000.126683, "payload": [-427, -11, 221, 1062, -7648, 1460], "label": 0}
{"timestamp": 1688697000.1427379, "payload": [-613, -77, 286, 1099, -7739, 1359], "label": 0}
{"timestamp": 1688697000.142829, "payload": [-648, -33, 363, 1069, -7857, 1469], "label": 0}
{"timestamp": 1688697000.1575308, "payload": [-604, 20, 445, 1014, -7946, 1540], "label": 0}
{"timestamp": 1688697000.157532, "payload": [-521, -5, 487, 1004, -7929, 1453], "label": 0}
{"timestamp": 1688697000.172557, "payload": [-530, -8, 426, 1071, -8081, 1382], "label": 0}
{"timestamp": 1688697000.203789, "payload": [-271, 26, 366, 978, -7947, 1448], "label": 0}
{"timestamp": 1688697000.2624362,